match_id,source_archive,date,format,team,opponent,venue,city,event,season,innings_number,super_over,batting_position,runs,balls,fours,sixes,dots,strike_rate,dismissed,not_out,dismissal_kind,fielder,team_score,team_wickets,team_run_share,chasing,target_runs,winner,result,outcome_method,year,prev5_avg,prev10_avg,recent_strike_rate,career_average_before,career_strike_rate_before,opponent_average_before,venue_average_before,format_average_before,form_index,impact_score
598017,ipl_male_json.zip,2013-04-16,IPL,Royal Challengers Bangalore,Delhi Daredevils,M Chinnaswamy Stadium,Bangalore,Indian Premier League,2013,2,False,2,12,12,2,0,7,100.0,True,False,caught,DPMD Jayawardene,152,7,0.0789,True,153.0,,tie,,2013,,,,,,,,,28.7,18.8
598045,ipl_male_json.zip,2013-05-14,IPL,Royal Challengers Bangalore,Kings XI Punjab,M Chinnaswamy Stadium,Bangalore,Indian Premier League,2013,1,False,6,8,4,2,0,2,200.0,True,False,caught,Mandeep Singh,174,5,0.046,False,,Kings XI Punjab,loss,,2013,12.0,12.0,100.0,12.0,100.0,,12.0,12.0,31.3,25.4
729285,ipl_male_json.zip,2014-04-18,IPL,Sunrisers Hyderabad,Rajasthan Royals,Sheikh Zayed Stadium,Abu Dhabi,Indian Premier League,2014,1,False,4,20,18,1,1,7,111.11,True,False,caught,AM Rahane,133,6,0.1504,False,,Rajasthan Royals,loss,,2014,10.0,10.0,125.0,10.0,125.0,,,10.0,31.6,26.4
729295,ipl_male_json.zip,2014-04-22,IPL,Sunrisers Hyderabad,Kings XI Punjab,Sharjah Cricket Stadium,Unknown,Indian Premier League,2014,2,False,4,27,27,1,1,9,100.0,True,False,caught,DA Miller,121,10,0.2231,True,194.0,Kings XI Punjab,loss,,2014,13.333333333333334,13.333333333333334,117.6470588235294,13.333333333333334,117.64705882352942,8.0,,13.333333333333334,32.1,31.3
729311,ipl_male_json.zip,2014-04-27,IPL,Sunrisers Hyderabad,Chennai Super Kings,Sharjah Cricket Stadium,Unknown,Indian Premier League,2014,1,False,4,25,27,1,1,10,92.59,True,False,caught,IC Pandey,145,5,0.1724,False,,Chennai Super Kings,loss,,2014,16.75,16.75,109.8360655737705,16.75,109.8360655737705,,27.0,16.75,32.2,27.6
729317,ipl_male_json.zip,2014-04-30,IPL,Sunrisers Hyderabad,Mumbai Indians,Dubai International Cricket Stadium,Unknown,Indian Premier League,2014,1,False,3,46,40,3,0,9,115.0,True,False,caught,CM Gautam,172,5,0.2674,False,,Sunrisers Hyderabad,win,,2014,18.4,18.4,104.54545454545455,18.4,104.54545454545455,,,18.4,38.3,54.2
733977,ipl_male_json.zip,2014-05-04,IPL,Sunrisers Hyderabad,Royal Challengers Bangalore,M Chinnaswamy Stadium,Bangalore,Indian Premier League,2014,1,False,3,6,6,1,0,4,100.0,True,False,caught,CH Gayle,155,6,0.0387,False,,Royal Challengers Bangalore,loss,,2014,25.2,23.0,108.62068965517241,23.0,107.8125,,10.0,23.0,36.2,14.5
733989,ipl_male_json.zip,2014-05-08,IPL,Sunrisers Hyderabad,Rajasthan Royals,"Sardar Patel Stadium, Motera",Ahmedabad,Indian Premier League,2014,1,False,3,18,18,2,0,7,100.0,True,False,bowled,,134,9,0.1343,False,,Sunrisers Hyderabad,win,,2014,24.8,20.571428571428573,105.08474576271186,20.571428571428573,107.46268656716418,20.0,,20.571428571428573,35.6,33.7
734001,ipl_male_json.zip,2014-05-12,IPL,Sunrisers Hyderabad,Mumbai Indians,"Rajiv Gandhi International Stadium, Uppal",Hyderabad,Indian Premier League,2014,1,False,3,10,13,1,0,7,76.92,True,False,run out,RG Sharma,157,3,0.0637,False,,Mumbai Indians,loss,,2014,24.4,20.25,103.38983050847457,20.25,106.57894736842107,46.0,,20.25,34.2,14.9
734015,ipl_male_json.zip,2014-05-18,IPL,Sunrisers Hyderabad,Kolkata Knight Riders,"Rajiv Gandhi International Stadium, Uppal",Hyderabad,Indian Premier League,2014,1,False,5,14,15,2,0,7,93.33,True,False,lbw,,142,8,0.0986,False,,Kolkata Knight Riders,loss,,2014,21.0,19.11111111111111,100.96153846153847,19.11111111111111,104.24242424242425,,10.0,19.11111111111111,33.6,19.8
754741,tests_male_json.zip,2014-12-26,Test,India,Australia,Melbourne Cricket Ground,Unknown,Border-Gavaskar Trophy,2014/15,2,False,6,3,8,0,0,6,37.5,True,False,caught,JR Hazlewood,465,10,0.0065,False,,,no_result,,2014,18.8,18.6,102.17391304347827,18.6,103.33333333333334,,,,32.5,10.7
754741,tests_male_json.zip,2014-12-26,Test,India,Australia,Melbourne Cricket Ground,Unknown,Border-Gavaskar Trophy,2014/15,4,False,3,1,5,0,0,4,20.0,True,False,caught,SR Watson,174,6,0.0057,False,,,no_result,,2014,10.2,17.7,85.0,17.181818181818183,100.53191489361701,3.0,3.0,3.0,31.2,5.5
754743,tests_male_json.zip,2015-01-06,Test,India,Australia,Sydney Cricket Ground,Unknown,Border-Gavaskar Trophy,2014/15,2,False,2,110,262,13,1,213,41.98,True,False,caught and bowled,,475,10,0.2316,False,,,no_result,,2015,9.2,17.0,77.96610169491525,15.833333333333334,98.44559585492227,2.0,,2.0,32.6,69.4
754743,tests_male_json.zip,2015-01-06,Test,India,Australia,Sydney Cricket Ground,Unknown,Border-Gavaskar Trophy,2014/15,4,False,2,16,40,3,0,35,40.0,True,False,caught,DA Warner,252,7,0.0635,False,,,no_result,,2015,27.6,26.0,45.54455445544554,23.076923076923077,65.93406593406593,38.0,110.0,38.0,31.1,19.4
829711,ipl_male_json.zip,2015-04-11,IPL,Sunrisers Hyderabad,Chennai Super Kings,"MA Chidambaram Stadium, Chepauk",Chennai,Indian Premier League,2015,2,False,3,5,8,1,0,6,62.5,True,False,bowled,,164,6,0.0305,True,210.0,Chennai Super Kings,loss,,2015,28.8,24.9,43.63636363636363,22.571428571428573,63.83838383838384,25.0,,18.6,29.4,9.9
829719,ipl_male_json.zip,2015-04-13,IPL,Sunrisers Hyderabad,Royal Challengers Bangalore,M Chinnaswamy Stadium,Bangalore,Indian Premier League,2015,2,False,4,44,28,4,1,4,157.14,False,True,not out,,172,2,0.2558,True,167.0,Sunrisers Hyderabad,win,,2015,27.0,22.9,41.795665634674926,21.4,63.817097415506964,6.0,8.666666666666666,17.363636363636363,29.5,57.1
829727,ipl_male_json.zip,2015-04-16,IPL,Sunrisers Hyderabad,Rajasthan Royals,Dr. Y.S. Rajasekhara Reddy ACA-VDCA Cricket Stadium,Visakhapatnam,Indian Premier League,2015,1,False,3,2,5,0,0,4,40.0,True,False,lbw,,127,5,0.0157,False,,Rajasthan Royals,loss,,2015,35.2,22.7,51.31195335276968,24.333333333333332,68.7382297551789,19.0,,19.583333333333332,29.0,5.6
829731,ipl_male_json.zip,2015-04-18,IPL,Sunrisers Hyderabad,Delhi Daredevils,Dr. Y.S. Rajasekhara Reddy ACA-VDCA Cricket Stadium,Visakhapatnam,Indian Premier League,2015,2,False,4,24,21,0,2,8,114.29,True,False,bowled,,163,8,0.1472,True,168.0,Delhi Daredevils,loss,,2015,35.4,22.3,51.60349854227405,22.9375,68.47014925373134,12.0,2.0,18.23076923076923,29.6,28.4
829743,ipl_male_json.zip,2015-04-22,IPL,Sunrisers Hyderabad,Kolkata Knight Riders,Dr. Y.S. Rajasekhara Reddy ACA-VDCA Cricket Stadium,Visakhapatnam,Indian Premier League,2015,1,False,6,0,3,0,0,3,0.0,False,True,not out,,176,4,0.0,False,,Sunrisers Hyderabad,win,D/L,2015,18.2,22.9,89.2156862745098,23.0,70.19748653500898,14.0,13.0,18.642857142857142,28.7,10.0
829751,ipl_male_json.zip,2015-04-25,IPL,Sunrisers Hyderabad,Mumbai Indians,Wankhede Stadium,Mumbai,Indian Premier League,2015,2,False,3,25,27,0,1,11,92.59,True,False,caught,AT Rayudu,137,8,0.1825,True,158.0,Mumbai Indians,loss,,2015,15.0,21.9,115.38461538461539,23.0,69.82142857142857,28.0,,17.4,29.6,28.0
829799,ipl_male_json.zip,2015-05-11,IPL,Sunrisers Hyderabad,Kings XI Punjab,"Rajiv Gandhi International Stadium, Uppal",Hyderabad,Indian Premier League,2015,1,False,6,17,10,1,1,3,170.0,False,True,not out,,185,5,0.0919,False,,Sunrisers Hyderabad,win,,2015,19.0,23.0,113.0952380952381,23.11111111111111,70.86882453151618,17.5,12.0,17.875,31.1,38.8
829815,ipl_male_json.zip,2015-05-17,IPL,Sunrisers Hyderabad,Mumbai Indians,"Rajiv Gandhi International Stadium, Uppal",Hyderabad,Indian Premier League,2015,1,False,5,25,24,2,0,8,104.17,True,False,bowled,,113,10,0.2212,False,,Mumbai Indians,loss,,2015,13.6,24.4,103.03030303030303,24.055555555555557,72.52931323283082,27.0,13.666666666666666,17.823529411764707,33.3,30.8
895773,tests_male_json.zip,2015-08-12,Test,India,Sri Lanka,Galle International Stadium,Unknown,India in Sri Lanka Test Series,2015,2,False,1,7,7,0,0,3,100.0,True,False,lbw,,375,10,0.0187,False,,Sri Lanka,loss,,2015,18.2,26.8,107.05882352941177,24.105263157894736,73.75201288244766,,,32.5,30.8,23.9
895773,tests_male_json.zip,2015-08-12,Test,India,Sri Lanka,Galle International Stadium,Unknown,India in Sri Lanka Test Series,2015,4,False,1,5,14,0,0,11,35.71,True,False,lbw,,112,10,0.0446,False,,Sri Lanka,loss,,2015,14.8,16.5,104.22535211267606,23.25,74.04458598726114,7.0,7.0,27.4,31.6,12.7
895775,tests_male_json.zip,2015-08-20,Test,India,Sri Lanka,P Sara Oval,Colombo,India in Sri Lanka Test Series,2015,1,False,2,108,190,13,1,136,56.84,True,False,caught,LD Chandimal,393,10,0.2748,False,,India,win,,2015,15.8,15.4,96.34146341463415,22.38095238095238,73.20872274143302,6.0,,23.666666666666668,35.2,84.8
895775,tests_male_json.zip,2015-08-20,Test,India,Sri Lanka,P Sara Oval,Colombo,India in Sri Lanka Test Series,2015,3,False,2,2,3,0,0,2,66.67,True,False,bowled,,325,8,0.0062,False,,India,win,,2015,32.4,25.7,66.12244897959184,26.272727272727273,69.47115384615384,40.0,108.0,35.714285714285715,29.2,27.3
895777,tests_male_json.zip,2015-08-28,Test,India,Sri Lanka,Sinhalese Sports Club Ground,Colombo,India in Sri Lanka Test Series,2015,1,False,1,2,2,0,0,1,100.0,True,False,bowled,,312,10,0.0064,False,,India,win,,2015,29.4,21.5,61.76470588235294,25.217391304347824,69.46107784431138,30.5,,31.5,29.3,31.2
895777,tests_male_json.zip,2015-08-28,Test,India,Sri Lanka,Sinhalese Sports Club Ground,Colombo,India in Sri Lanka Test Series,2015,3,False,2,2,8,0,0,7,25.0,True,False,bowled,,274,10,0.0073,False,,India,win,,2015,24.8,21.5,57.407407407407405,24.25,69.53405017921148,24.8,2.0,28.22222222222222,27.0,17.3
980927,ipl_male_json.zip,2016-04-20,IPL,Royal Challengers Bangalore,Mumbai Indians,Wankhede Stadium,Mumbai,Indian Premier League,2016,1,False,2,23,14,2,2,8,164.29,True,False,caught,Harbhajan Singh,170,7,0.1353,False,,Mumbai Indians,loss,,2016,23.8,19.3,54.83870967741935,23.36,69.11242603550296,26.5,25.0,18.22222222222222,29.5,32.6
980931,ipl_male_json.zip,2016-04-22,IPL,Royal Challengers Bangalore,Rising Pune Supergiants,Maharashtra Cricket Association Stadium,Pune,Indian Premier League,2016,1,False,2,7,10,1,0,6,70.0,True,False,caught,I Sharma,185,3,0.0378,False,,Royal Challengers Bangalore,win,,2016,27.4,21.6,63.133640552995395,23.346153846153847,70.66356228172293,,,18.473684210526315,27.9,21.8
980937,ipl_male_json.zip,2016-04-24,IPL,Royal Challengers Bangalore,Gujarat Lions,Saurashtra Cricket Association Stadium,Rajkot,Indian Premier League,2016,1,False,4,51,35,4,3,11,145.71,False,True,not out,,180,2,0.2833,False,,Gujarat Lions,loss,,2016,7.2,19.8,97.29729729729729,22.74074074074074,70.65592635212889,,,17.9,34.4,52.2
980953,ipl_male_json.zip,2016-04-30,IPL,Royal Challengers Bangalore,Sunrisers Hyderabad,"Rajiv Gandhi International Stadium, Uppal",Hyderabad,Indian Premier League,2016,2,False,2,51,28,6,1,4,182.14,True,False,caught,NV Ojha,179,6,0.2849,True,195.0,Sunrisers Hyderabad,loss,,2016,17.0,23.2,123.18840579710145,24.62962962962963,73.56194690265487,,16.5,19.476190476190474,40.8,56.0
980959,ipl_male_json.zip,2016-05-02,IPL,Royal Challengers Bangalore,Kolkata Knight Riders,M Chinnaswamy Stadium,Bangalore,Indian Premier League,2016,1,False,1,52,32,6,2,9,162.5,True,False,caught,YK Pathan,185,7,0.2811,False,,Kolkata Knight Riders,loss,,2016,26.8,25.8,141.05263157894737,25.571428571428573,76.82403433476395,7.0,17.5,20.90909090909091,48.4,54.3
980969,ipl_male_json.zip,2016-05-07,IPL,Royal Challengers Bangalore,Rising Pune Supergiants,M Chinnaswamy Stadium,Bangalore,Indian Premier League,2016,2,False,2,38,35,1,2,13,108.57,True,False,caught,GJ Bailey,195,3,0.1949,True,192.0,Royal Challengers Bangalore,win,,2016,36.8,30.3,154.6218487394958,26.482758620689655,79.66804979253112,7.0,24.4,22.26086956521739,53.3,47.0
980977,ipl_male_json.zip,2016-05-09,IPL,Royal Challengers Bangalore,Kings XI Punjab,"Punjab Cricket Association IS Bindra Stadium, Mohali",Chandigarh,Indian Premier League,2016,1,False,2,42,25,6,1,7,168.0,True,False,bowled,,175,6,0.24,False,,Royal Challengers Bangalore,win,,2016,39.8,33.6,142.14285714285714,26.866666666666667,80.68068068068068,17.333333333333332,,22.916666666666668,56.5,56.7
980981,ipl_male_json.zip,2016-05-11,IPL,Royal Challengers Bangalore,Mumbai Indians,M Chinnaswamy Stadium,Bangalore,Indian Premier League,2016,1,False,4,68,53,3,4,20,128.3,False,True,not out,,151,4,0.4503,False,,Mumbai Indians,loss,,2016,46.8,27.0,150.96774193548387,27.35483870967742,82.8125,25.8,26.666666666666668,23.68,63.6,64.8
980999,ipl_male_json.zip,2016-05-18,IPL,Royal Challengers Bangalore,Kings XI Punjab,M Chinnaswamy Stadium,Bangalore,Indian Premier League,2016,1,False,4,16,6,3,0,0,266.67,False,True,not out,,211,3,0.0758,False,,Royal Challengers Bangalore,win,D/L,2016,50.2,33.6,145.08670520231215,29.548387096774192,85.05106778087278,23.5,32.57142857142857,25.384615384615383,65.2,40.2
981011,ipl_male_json.zip,2016-05-22,IPL,Royal Challengers Bangalore,Delhi Daredevils,Shaheed Veer Narayan Singh International Stadium,Raipur,Indian Premier League,2016,2,False,4,38,23,4,1,6,165.22,True,False,bowled,,139,4,0.2734,True,139.0,Royal Challengers Bangalore,win,,2016,43.2,35.0,143.04635761589404,30.06451612903226,86.0572483841182,18.0,,25.037037037037038,70.7,56.0
981013,ipl_male_json.zip,2016-05-24,IPL,Royal Challengers Bangalore,Gujarat Lions,M Chinnaswamy Stadium,Bangalore,Indian Premier League,2016,2,False,4,0,1,0,0,1,0.0,True,False,caught,DR Smith,159,6,0.0,True,159.0,Royal Challengers Bangalore,win,,2016,40.4,38.6,142.25352112676057,30.3125,87.70343580470163,51.0,30.5,25.5,68.7,10.0
981019,ipl_male_json.zip,2016-05-29,IPL,Royal Challengers Bangalore,Sunrisers Hyderabad,M Chinnaswamy Stadium,Bangalore,Indian Premier League,2016,2,False,4,11,9,1,0,1,122.22,True,False,bowled,,200,7,0.055,True,209.0,Sunrisers Hyderabad,loss,,2016,32.8,36.3,151.85185185185185,29.393939393939394,87.62420957542909,51.0,27.11111111111111,24.620689655172413,69.4,19.7
1007649,odis_male_json.zip,2016-06-11,ODI,India,Zimbabwe,Harare Sports Club,Unknown,India in Zimbabwe ODI Series,2016,2,False,1,100,115,7,1,50,86.96,False,True,not out,,173,1,0.578,True,169.0,India,win,,2016,26.6,36.7,144.56521739130434,28.852941176470587,87.90322580645162,,,,68.2,92.9
1007651,odis_male_json.zip,2016-06-13,ODI,India,Zimbabwe,Harare Sports Club,Unknown,India in Zimbabwe ODI Series,2016,2,False,1,33,50,4,0,35,66.0,True,False,bowled,,129,2,0.2558,True,127.0,India,win,,2016,33.0,41.6,107.14285714285714,31.794117647058822,87.81478472786353,100.0,100.0,100.0,63.4,45.9
1007653,odis_male_json.zip,2016-06-15,ODI,India,Zimbabwe,Harare Sports Club,Unknown,India in Zimbabwe ODI Series,2016,2,False,1,63,70,4,2,34,90.0,False,True,not out,,126,0,0.5,True,124.0,India,win,,2016,36.4,39.8,91.91919191919192,31.82857142857143,86.96330991412958,66.5,66.5,66.5,62.7,74.7
1007655,t20s_male_json.zip,2016-06-18,T20I,India,Zimbabwe,Harare Sports Club,Unknown,India in Zimbabwe T20I Series,2016,2,False,1,0,1,0,0,1,0.0,True,False,bowled,,168,6,0.0,True,171.0,Zimbabwe,loss,,2016,41.4,40.9,84.48979591836735,33.628571428571426,87.12065136935603,65.33333333333333,65.33333333333333,,58.0,0.0
1007657,t20s_male_json.zip,2016-06-20,T20I,India,Zimbabwe,Harare Sports Club,Unknown,India in Zimbabwe T20I Series,2016,2,False,1,47,40,2,2,15,117.5,False,True,not out,,103,0,0.4563,True,100.0,India,win,,2016,41.4,37.1,84.48979591836735,32.69444444444444,87.05621301775149,49.0,49.0,0.0,57.8,62.9
1007659,t20s_male_json.zip,2016-06-22,T20I,India,Zimbabwe,Harare Sports Club,Unknown,India in Zimbabwe T20I Series,2016,1,False,1,22,20,3,1,12,110.0,True,False,bowled,,138,6,0.1594,False,,India,win,,2016,48.6,37.6,88.04347826086956,34.0,87.93103448275862,48.6,48.6,23.5,50.9,38.0
1022595,tests_male_json.zip,2016-07-30,Test,India,West Indies,"Sabina Park, Kingston",Jamaica,India in West Indies Test Series,2016,2,False,1,158,303,15,3,225,52.15,True,False,caught,SO Dowrich,500,9,0.316,False,,,no_result,,2016,33.0,33.0,91.16022099447514,33.67567567567568,88.24362606232295,,,25.6,58.0,75.3
1022597,tests_male_json.zip,2016-08-09,Test,India,West Indies,"Darren Sammy National Cricket Stadium, Gros Islet",St Lucia,India in West Indies Test Series,2016,1,False,1,50,65,6,0,44,76.92,True,False,caught,KC Brathwaite,353,10,0.1416,False,,India,win,,2016,58.0,47.2,66.82027649769586,36.94736842105263,81.865889212828,158.0,,37.63636363636363,59.8,59.8
1022597,tests_male_json.zip,2016-08-09,Test,India,West Indies,"Darren Sammy National Cricket Stadium, Gros Islet",St Lucia,India in West Indies Test Series,2016,3,False,1,28,24,3,0,12,116.67,True,False,caught,KC Brathwaite,217,7,0.129,False,,India,win,,2016,55.4,48.4,64.56876456876456,37.282051282051285,81.68539325842697,104.0,50.0,38.666666666666664,62.0,47.8
1041615,t20s_male_json.zip,2016-08-27,T20I,India,West Indies,Central Broward Regional Park Stadium Turf Ground,Lauderhill,West Indies v India T20I Series,2016,2,False,4,110,51,12,5,10,215.69,False,True,not out,,244,4,0.4508,True,246.0,West Indies,loss,,2016,61.0,51.2,67.47787610619469,37.05,82.15077605321508,78.66666666666667,,23.0,72.5,88.0
1030213,tests_male_json.zip,2016-09-22,Test,India,New Zealand,Green Park,Kanpur,New Zealand in India Test Series,2016/17,1,False,1,32,39,4,1,26,82.05,True,False,caught,BJ Watling,318,10,0.1006,False,,India,win,,2016,73.6,61.1,79.48164146868251,39.8,85.82210242587601,,,37.84615384615385,67.3,49.3
1030213,tests_male_json.zip,2016-09-22,Test,India,New Zealand,Green Park,Kanpur,New Zealand in India Test Series,2016/17,3,False,1,38,50,8,0,36,76.0,True,False,caught,LRPL Taylor,377,5,0.1008,False,,India,win,,2016,75.6,54.3,78.42323651452283,39.609756097560975,85.74445617740233,32.0,32.0,37.42857142857143,67.8,50.6
1034811,tests_male_json.zip,2016-11-17,Test,India,England,Dr. Y.S. Rajasekhara Reddy ACA-VDCA Cricket Stadium,Visakhapatnam,England in India Test Series,2016/17,1,False,2,0,5,0,0,5,0.0,True,False,caught,BA Stokes,455,10,0.0,False,,India,win,,2016,51.6,54.8,112.66375545851528,39.57142857142857,85.49382716049382,,8.666666666666666,37.46666666666667,59.9,10.0
1034811,tests_male_json.zip,2016-11-17,Test,India,England,Dr. Y.S. Rajasekhara Reddy ACA-VDCA Cricket Stadium,Visakhapatnam,England in India Test Series,2016/17,3,False,2,10,31,2,0,27,32.26,True,False,caught,JM Bairstow,204,10,0.049,False,,India,win,,2016,41.6,48.5,123.07692307692308,38.651162790697676,85.2744997434582,0.0,6.5,35.125,60.2,24.3
1034815,tests_male_json.zip,2016-12-08,Test,India,England,Wankhede Stadium,Mumbai,England in India Test Series,2016/17,2,False,1,24,41,4,0,30,58.54,True,False,bowled,,631,10,0.038,False,,India,win,,2016,38.0,49.5,107.95454545454545,38.0,84.44444444444444,5.0,24.0,33.64705882352941,56.1,36.5
1034817,tests_male_json.zip,2016-12-16,Test,India,England,"MA Chidambaram Stadium, Chepauk",Chennai,England in India Test Series,2016/17,2,False,1,199,311,16,3,197,63.99,True,False,caught,JC Buttler,759,7,0.2622,False,,India,win,,2016,20.8,47.2,62.65060240963855,37.68888888888889,83.9188520534389,11.333333333333334,5.0,33.111111111111114,66.0,86.0
1034819,odis_male_json.zip,2017-01-15,ODI,India,England,Maharashtra Cricket Association Stadium,Pune,England in India ODI Series,2016/17,2,False,1,8,18,1,0,13,44.44,True,False,bowled,,356,7,0.0225,True,351.0,India,win,,2017,54.2,64.9,61.87214611872146,41.19565217391305,81.26072041166381,58.25,7.0,65.33333333333333,57.6,21.1
1034821,odis_male_json.zip,2017-01-19,ODI,India,England,Barabati Stadium,Cuttack,England in India ODI Series,2016/17,1,False,1,5,5,1,0,3,100.0,True,False,caught,BA Stokes,381,6,0.0131,False,,India,win,,2017,48.2,49.9,59.35960591133005,40.48936170212766,80.97872340425532,48.2,,51.0,51.1,27.6
1034823,odis_male_json.zip,2017-01-22,ODI,India,England,Eden Gardens,Kolkata,England in India ODI Series,2016/17,2,False,2,11,11,1,1,8,100.0,True,False,caught,JC Buttler,316,9,0.0348,True,322.0,England,loss,,2017,49.2,45.4,60.59113300492611,39.75,81.01910828025478,41.0,,41.8,49.7,21.2
1034825,t20s_male_json.zip,2017-01-26,T20I,India,England,Green Park,Kanpur,England in India T20I Series,2016/17,1,False,2,8,9,1,0,5,88.89,True,False,caught,AU Rashid,147,7,0.0544,False,,England,loss,,2017,49.4,43.7,63.98963730569948,39.16326530612245,81.10735418427726,36.714285714285715,35.0,44.75,37.8,15.3
1034827,t20s_male_json.zip,2017-01-29,T20I,India,England,"Vidarbha Cricket Association Stadium, Jamtha",Nagpur,England in India T20I Series,2016/17,1,False,2,71,47,6,2,11,151.06,True,False,caught,BA Stokes,144,8,0.4931,False,,India,win,,2017,46.2,33.5,65.2542372881356,38.54,81.13684210526316,33.125,,37.4,42.6,80.8
1034829,t20s_male_json.zip,2017-02-01,T20I,India,England,M Chinnaswamy Stadium,Bangalore,England in India T20I Series,2016/17,1,False,2,22,18,2,1,8,122.22,True,False,bowled,,202,6,0.1089,False,,India,win,,2017,20.6,37.4,114.44444444444444,39.1764705882353,82.49380677126342,37.333333333333336,25.5,43.0,39.9,37.3
1041761,tests_male_json.zip,2017-02-09,Test,India,Bangladesh,"Rajiv Gandhi International Stadium, Uppal",Hyderabad,Unknown,2016/17,1,False,1,2,4,0,0,3,50.0,True,False,bowled,,687,6,0.0029,False,,India,win,,2017,23.4,35.8,130.0,38.84615384615385,82.78688524590164,,23.4,41.8421052631579,40.1,23.1
1041761,tests_male_json.zip,2017-02-09,Test,India,Bangladesh,"Rajiv Gandhi International Stadium, Uppal",Hyderabad,Unknown,2016/17,3,False,2,10,17,1,0,12,58.82,True,False,caught,Mushfiqur Rahim,159,4,0.0629,False,,India,win,,2017,22.8,36.0,128.08988764044943,38.15094339622642,82.73322422258592,2.0,19.833333333333332,39.85,40.5,31.3
1062573,tests_male_json.zip,2017-02-23,Test,India,Australia,Maharashtra Cricket Association Stadium,Pune,Australia in India Test Series,2016/17,2,False,2,64,97,10,1,69,65.98,True,False,caught,DA Warner,105,10,0.6095,False,,Australia,loss,,2017,22.6,36.0,118.94736842105263,37.629629629629626,82.56806176351077,32.5,7.5,38.42857142857143,46.4,67.8
1062573,tests_male_json.zip,2017-02-23,Test,India,Australia,Maharashtra Cricket Association Stadium,Pune,Australia in India Test Series,2016/17,4,False,2,10,9,1,0,3,111.11,True,False,lbw,,107,10,0.0935,False,,Australia,loss,,2017,33.8,40.0,92.34972677595628,38.10909090909091,81.93901485535575,38.8,26.333333333333332,39.59090909090909,36.4,28.2
1062574,tests_male_json.zip,2017-03-04,Test,India,Australia,M Chinnaswamy Stadium,Bengaluru,Border-Gavaskar Trophy,2016/17,1,False,1,90,205,9,0,150,43.9,True,False,caught,MT Renshaw,189,10,0.4762,False,,India,win,,2017,21.6,21.1,74.48275862068965,37.607142857142854,82.04129333852747,34.0,25.181818181818183,38.30434782608695,41.0,83.2
1062574,tests_male_json.zip,2017-03-04,Test,India,Australia,M Chinnaswamy Stadium,Bengaluru,Border-Gavaskar Trophy,2016/17,3,False,1,51,85,4,0,51,60.0,True,False,caught,SPD Smith,274,10,0.1861,False,,India,win,,2017,35.2,29.3,53.01204819277108,38.526315789473685,79.22077922077922,42.0,30.583333333333332,40.458333333333336,47.2,57.9
1062575,tests_male_json.zip,2017-03-16,Test,India,Australia,JSCA International Stadium Complex,Ranchi,Border-Gavaskar Trophy,2016/17,2,False,1,67,102,9,0,67,65.69,True,False,caught,MS Wade,603,9,0.1111,False,,,no_result,,2017,45.0,33.9,54.479418886198545,38.741379310344826,78.64893244662234,43.125,,40.88,54.1,53.5
1062576,tests_male_json.zip,2017-03-25,Test,India,Australia,Himachal Pradesh Cricket Association Stadium,Dharamsala,Border-Gavaskar Trophy,2016/17,2,False,1,60,124,9,1,99,48.39,True,False,caught,DA Warner,332,10,0.1807,False,,India,win,,2017,56.4,39.5,56.626506024096386,39.220338983050844,78.20209530246704,45.77777777777778,,41.88461538461539,60.3,59.0
1062576,tests_male_json.zip,2017-03-25,Test,India,Australia,Himachal Pradesh Cricket Association Stadium,Dharamsala,Border-Gavaskar Trophy,2016/17,4,False,1,51,76,9,0,54,67.11,False,True,not out,,106,2,0.4811,False,,India,win,,2017,55.6,44.7,52.95238095238095,39.56666666666667,77.00291923451184,47.2,60.0,42.55555555555556,58.3,71.5
1109603,tests_male_json.zip,2017-08-03,Test,India,Sri Lanka,Sinhalese Sports Club Ground,Colombo,India tour of Sri Lanka,2017,1,False,2,57,82,7,0,51,69.51,True,False,run out,,622,9,0.0916,False,,India,win,,2017,63.8,42.7,53.88513513513514,40.416666666666664,76.76479898702121,21.0,2.0,42.857142857142854,64.0,59.2
1109604,tests_male_json.zip,2017-08-12,Test,India,Sri Lanka,Pallekele International Cricket Stadium,Unknown,India tour of Sri Lanka,2017,1,False,2,85,135,8,0,86,62.96,True,False,caught,FDM Karunaratne,487,10,0.1745,False,,India,win,,2017,57.2,46.2,60.98081023454158,40.68852459016394,76.5813020672632,26.142857142857142,,43.3448275862069,72.8,73.5
1109606,odis_male_json.zip,2017-08-24,ODI,India,Sri Lanka,Pallekele International Cricket Stadium,Unknown,India tour of Sri Lanka,2017,2,False,3,4,6,0,0,3,66.67,True,False,bowled,,231,7,0.0173,True,231.0,India,win,D/L,2017,64.0,54.5,61.65703275529865,41.403225806451616,76.0367298578199,33.5,85.0,36.666666666666664,72.4,22.4
1109607,odis_male_json.zip,2017-08-27,ODI,India,Sri Lanka,Pallekele International Cricket Stadium,Unknown,India tour of Sri Lanka,2017,2,False,4,17,24,2,0,15,70.83,True,False,caught,HDRL Thirimanne,218,4,0.078,True,218.0,India,win,,2017,51.4,53.9,60.7565011820331,40.80952380952381,76.02010644589001,30.22222222222222,44.5,32.0,65.8,31.3
1109608,odis_male_json.zip,2017-08-31,ODI,India,Sri Lanka,"R.Premadasa Stadium, Khettarama",Colombo,India tour of Sri Lanka,2017,1,False,5,7,8,0,0,2,87.5,True,False,caught,PWH de Silva,375,5,0.0187,False,,India,win,,2017,42.8,49.2,66.25386996904025,40.4375,75.98355842630652,28.9,,30.125,65.6,26.9
1109610,t20s_male_json.zip,2017-09-06,T20I,India,Sri Lanka,"R.Premadasa Stadium, Khettarama",Colombo,India tour of Sri Lanka,2017,2,False,2,24,18,3,0,5,133.33,True,False,caught,MD Shanaka,174,3,0.1379,True,171.0,India,win,,2017,34.0,48.9,66.66666666666667,39.92307692307692,76.01054481546574,26.90909090909091,7.0,40.0,59.3,40.5
1122723,tests_male_json.zip,2017-11-16,Test,India,Sri Lanka,Eden Gardens,Kolkata,Sri Lanka tour of India,2017/18,1,False,1,0,1,0,0,1,0.0,True,False,caught,N Dickwella,172,10,0.0,False,,,no_result,,2017,27.4,42.3,71.72774869109948,39.68181818181818,76.31118881118881,26.666666666666668,11.0,44.733333333333334,52.5,0.0
1122723,tests_male_json.zip,2017-11-16,Test,India,Sri Lanka,Eden Gardens,Kolkata,Sri Lanka tour of India,2017/18,3,False,1,79,125,8,0,73,63.2,True,False,bowled,,352,8,0.2244,False,,,no_result,,2017,10.4,37.2,91.2280701754386,39.08955223880597,76.28896009321294,24.615384615384617,5.5,43.29032258064516,53.0,62.8
1122724,tests_male_json.zip,2017-11-24,Test,India,Sri Lanka,"Vidarbha Cricket Association Stadium, Jamtha",Nagpur,Sri Lanka tour of India,2017/18,2,False,1,7,13,1,0,10,53.85,True,False,bowled,,610,6,0.0115,False,,India,win,,2017,25.4,38.4,72.1590909090909,39.6764705882353,75.82911748173132,28.5,71.0,44.40625,46.7,26.7
1122729,t20s_male_json.zip,2017-12-20,T20I,India,Sri Lanka,Barabati Stadium,Cuttack,Sri Lanka tour of India,2017/18,1,False,2,61,48,7,1,14,127.08,True,False,bowled,,180,3,0.3389,False,,India,win,,2017,23.4,33.1,70.9090909090909,39.20289855072464,75.74908989078689,27.066666666666666,5.0,38.0,48.4,67.6
1122730,t20s_male_json.zip,2017-12-22,T20I,India,Sri Lanka,Holkar Cricket Stadium,Indore,Sri Lanka tour of India,2017/18,1,False,2,89,49,5,8,17,181.63,True,False,caught,N Dickwella,260,5,0.3423,False,,India,win,,2017,34.2,34.1,83.41463414634147,39.51428571428571,76.4299530256977,29.1875,,40.55555555555556,52.3,86.1
1122731,t20s_male_json.zip,2017-12-24,T20I,India,Sri Lanka,Wankhede Stadium,Mumbai,Sri Lanka tour of India,2017/18,2,False,2,4,9,0,0,5,44.44,True,False,lbw,,139,5,0.0288,True,136.0,India,win,,2017,47.2,37.3,100.0,40.2112676056338,77.83533260632497,32.705882352941174,24.0,45.4,45.4,17.7
1122277,tests_male_json.zip,2018-01-13,Test,India,South Africa,SuperSport Park,Centurion,India tour of South Africa,2017/18,2,False,2,10,21,2,0,18,47.62,True,False,caught and bowled,,307,10,0.0326,False,,South Africa,loss,,2018,48.0,29.2,98.36065573770492,39.708333333333336,77.75360348109872,,,43.27272727272727,45.4,17.3
1122277,tests_male_json.zip,2018-01-13,Test,India,South Africa,SuperSport Park,Centurion,India tour of South Africa,2017/18,4,False,2,4,29,0,0,25,13.79,True,False,caught,KA Maharaj,151,10,0.0265,False,,South Africa,loss,,2018,34.2,29.8,122.14285714285714,39.3013698630137,77.58247701460249,10.0,10.0,42.294117647058826,43.6,6.2
1122278,tests_male_json.zip,2018-01-24,Test,India,South Africa,The Wanderers Stadium,Johannesburg,India tour of South Africa,2017/18,1,False,2,0,7,0,0,7,0.0,True,False,caught,Q de Kock,187,10,0.0,False,,India,win,,2018,33.6,28.5,107.6923076923077,38.82432432432432,77.08612825328683,7.0,,41.2,42.7,10.0
1122278,tests_male_json.zip,2018-01-24,Test,India,South Africa,The Wanderers Stadium,Johannesburg,India tour of South Africa,2017/18,3,False,3,16,44,2,0,36,36.36,True,False,caught,F du Plessis,247,10,0.0648,False,,India,win,,2018,21.4,27.8,93.04347826086956,38.306666666666665,76.94161756829138,4.666666666666667,0.0,40.05555555555556,40.7,28.6
1133820,t20s_male_json.zip,2018-03-12,T20I,India,Sri Lanka,"R.Premadasa Stadium, Khettarama",Colombo,Nidahas Trophy,2017/18,2,False,3,18,17,1,0,4,105.88,True,False,hit wicket,,153,4,0.1176,True,153.0,India,win,,2018,6.8,27.0,30.90909090909091,38.01315789473684,76.46903123345685,31.11111111111111,15.5,41.63636363636363,42.3,34.1
1133823,t20s_male_json.zip,2018-03-18,T20I,India,Bangladesh,"R.Premadasa Stadium, Khettarama",Colombo,Nidahas Trophy,2017/18,2,False,4,24,14,2,1,2,171.43,True,False,caught,Sabbir Rahman,168,6,0.1429,True,167.0,India,win,,2018,9.6,28.8,40.67796610169491,37.753246753246756,76.600790513834,6.0,16.333333333333332,39.666666666666664,37.9,44.8
1136562,ipl_male_json.zip,2018-04-08,IPL,Kings XI Punjab,Delhi Daredevils,Punjab Cricket Association IS Bindra Stadium,Chandigarh,Indian Premier League,2018,2,False,1,51,16,6,4,4,318.75,True,False,caught,Mohammed Shami,167,4,0.3054,True,167.0,Kings XI Punjab,win,,2018,12.4,23.3,55.85585585585586,37.57692307692308,76.94933053294828,24.666666666666668,,24.166666666666668,46.9,68.2
1136568,ipl_male_json.zip,2018-04-13,IPL,Kings XI Punjab,Royal Challengers Bangalore,M.Chinnaswamy Stadium,Bengaluru,Indian Premier League,2018,1,False,1,47,30,2,4,11,156.67,True,False,caught,SN Khan,155,10,0.3032,False,,Royal Challengers Bangalore,loss,,2018,21.8,27.7,111.22448979591837,37.74683544303797,77.9607843137255,25.0,,25.032258064516128,45.0,50.3
1136572,ipl_male_json.zip,2018-04-15,IPL,Kings XI Punjab,Chennai Super Kings,Punjab Cricket Association IS Bindra Stadium,Chandigarh,Indian Premier League,2018,1,False,1,37,22,7,0,8,168.18,True,False,caught,DJ Bravo,197,7,0.1878,False,,Kings XI Punjab,win,,2018,31.2,26.3,128.92561983471074,37.8625,78.57328145265889,15.0,51.0,25.71875,39.5,52.4
1136576,ipl_male_json.zip,2018-04-19,IPL,Kings XI Punjab,Sunrisers Hyderabad,Punjab Cricket Association IS Bindra Stadium,Chandigarh,Indian Premier League,2018,1,False,1,18,21,3,0,12,85.71,True,False,lbw,,193,3,0.0933,False,,Kings XI Punjab,win,,2018,35.4,21.1,178.78787878787878,37.851851851851855,79.08176425070931,31.0,44.0,26.060606060606062,40.7,30.6
1136578,ipl_male_json.zip,2018-04-21,IPL,Kings XI Punjab,Kolkata Knight Riders,Eden Gardens,Kolkata,Indian Premier League,2018,2,False,1,60,27,9,2,4,222.22,True,False,caught,TK Curran,126,1,0.4762,True,125.0,Kings XI Punjab,win,D/L,2018,35.4,22.5,171.84466019417476,37.609756097560975,79.11749615187276,22.0,30.0,25.823529411764707,50.2,79.0
1136582,ipl_male_json.zip,2018-04-23,IPL,Kings XI Punjab,Delhi Daredevils,Arun Jaitley Stadium,Delhi,Indian Premier League,2018,1,False,1,23,15,3,1,6,153.33,True,False,caught,Avesh Khan,143,8,0.1608,False,,Kings XI Punjab,win,,2018,42.6,27.5,183.6206896551724,37.87951807228916,80.10191082802548,31.25,,26.8,54.4,42.5
1136585,ipl_male_json.zip,2018-04-26,IPL,Kings XI Punjab,Sunrisers Hyderabad,Rajiv Gandhi International Stadium,Hyderabad,Indian Premier League,2018,2,False,1,32,26,4,1,11,123.08,True,False,bowled,,119,10,0.2689,True,133.0,Sunrisers Hyderabad,loss,,2018,37.0,29.4,160.8695652173913,37.70238095238095,80.38071065989848,26.666666666666668,,26.694444444444443,59.0,38.8
1136594,ipl_male_json.zip,2018-05-04,IPL,Kings XI Punjab,Mumbai Indians,Holkar Cricket Stadium,Indore,Indian Premier League,2018,1,False,1,24,20,1,2,9,120.0,True,False,caught,JP Duminy,174,6,0.1379,False,,Mumbai Indians,loss,,2018,34.0,32.6,153.15315315315314,37.63529411764706,80.66061522945033,32.833333333333336,89.0,26.83783783783784,61.2,28.6
1136598,ipl_male_json.zip,2018-05-06,IPL,Kings XI Punjab,Rajasthan Royals,Holkar Cricket Stadium,Indore,Indian Premier League,2018,2,False,1,84,54,7,3,15,155.56,False,True,not out,,155,4,0.5419,True,153.0,Kings XI Punjab,win,,2018,31.4,33.4,144.03669724770643,37.47674418604651,80.85800301053688,13.333333333333334,56.5,26.763157894736842,68.2,86.8
1136600,ipl_male_json.zip,2018-05-08,IPL,Kings XI Punjab,Rajasthan Royals,Sawai Mansingh Stadium,Jaipur,Indian Premier League,2018,2,False,1,95,70,11,2,25,135.71,False,True,not out,,143,7,0.6643,True,159.0,Rajasthan Royals,loss,,2018,44.6,40.0,157.04225352112675,38.45348837209303,81.85643564356435,31.0,,28.23076923076923,75.6,79.7
1136604,ipl_male_json.zip,2018-05-12,IPL,Kings XI Punjab,Kolkata Knight Riders,Holkar Cricket Stadium,Indore,Indian Premier League,2018,2,False,1,66,29,2,7,5,227.59,True,False,bowled,,214,8,0.3084,True,246.0,Kolkata Knight Riders,loss,,2018,51.6,47.1,139.45945945945945,39.55813953488372,82.77372262773723,31.5,65.66666666666667,29.9,76.5,65.0
1136608,ipl_male_json.zip,2018-05-14,IPL,Kings XI Punjab,Royal Challengers Bangalore,Holkar Cricket Stadium,Indore,Indian Premier League,2018,1,False,1,21,15,0,3,10,140.0,True,False,caught,C de Grandhomme,88,10,0.2386,False,,Royal Challengers Bangalore,loss,,2018,60.2,48.6,151.25628140703517,39.86206896551724,83.78835467504227,32.333333333333336,65.75,30.78048780487805,72.8,33.4
1136610,ipl_male_json.zip,2018-05-16,IPL,Kings XI Punjab,Mumbai Indians,Wankhede Stadium,Mumbai,Indian Premier League,2018,2,False,1,94,60,10,3,14,156.67,True,False,caught,BCJ Cutting,183,5,0.5137,True,187.0,Mumbai Indians,loss,,2018,58.0,46.0,154.25531914893617,39.64772727272727,83.9913336543091,31.571428571428573,19.0,30.547619047619047,77.6,81.4
1136616,ipl_male_json.zip,2018-05-20,IPL,Kings XI Punjab,Chennai Super Kings,Maharashtra Cricket Association Stadium,Pune,Indian Premier League,2018,1,False,1,7,11,1,0,8,63.64,True,False,bowled,,153,10,0.0458,False,,Chennai Super Kings,loss,,2018,72.0,51.7,157.89473684210526,40.258426966292134,85.02610346464166,22.333333333333332,22.25,32.02325581395349,76.8,11.5
1140993,t20s_male_json.zip,2018-06-29,T20I,India,Ireland,"The Village, Malahide",Dublin,India tour of Ireland and England,2018,1,False,1,70,36,3,6,5,194.44,True,False,caught and bowled,,213,4,0.3286,False,,India,win,,2018,56.6,50.6,152.97297297297297,39.888888888888886,84.97041420118343,,,38.46153846153846,77.4,77.6
1119543,t20s_male_json.zip,2018-07-03,T20I,India,England,Old Trafford,Manchester,India tour of Ireland and England,2018,2,False,3,101,54,10,5,14,187.04,False,True,not out,,163,2,0.6196,True,160.0,India,win,,2018,51.6,51.6,170.86092715231788,40.21978021978022,85.89532973480404,35.8,,40.714285714285715,85.5,100.0
1119544,t20s_male_json.zip,2018-07-06,T20I,India,England,Sophia Gardens,Cardiff,India tour of Ireland and England,2018,1,False,3,6,8,0,0,4,75.0,True,False,bowled,,148,5,0.0405,False,,England,loss,,2018,58.6,59.4,166.47727272727272,41.32967032967033,87.16106604866744,41.72727272727273,,44.733333333333334,81.8,12.3
1119545,t20s_male_json.zip,2018-07-08,T20I,India,England,County Ground,Bristol,India tour of Ireland and England,2018,2,False,3,19,10,1,2,4,190.0,True,False,caught,CJ Jordan,201,3,0.0945,True,199.0,India,win,,2018,55.6,56.8,164.49704142011834,40.94565217391305,87.1385611843627,38.75,,42.3125,81.4,42.3
1119546,odis_male_json.zip,2018-07-12,ODI,India,England,Trent Bridge,Nottingham,India tour of Ireland and England,2018,2,False,4,9,18,0,0,9,50.0,False,True,not out,,269,2,0.0335,True,269.0,India,win,,2018,40.6,56.3,170.58823529411765,40.70967741935484,87.3759519963074,37.23076923076923,,27.555555555555557,73.2,22.8
1119547,odis_male_json.zip,2018-07-14,ODI,India,England,Lord's,London,India tour of Ireland and England,2018,2,False,4,0,2,0,0,2,0.0,True,False,caught,JC Buttler,236,10,0.0,True,323.0,England,loss,,2018,41.0,48.8,162.6984126984127,40.806451612903224,87.22132843024593,35.214285714285715,,25.7,63.8,0.0
1119549,tests_male_json.zip,2018-08-01,Test,India,England,Edgbaston,Birmingham,India tour of Ireland and England,2018,2,False,3,4,2,1,0,1,200.0,True,False,bowled,,274,10,0.0146,False,,England,loss,,2018,27.0,39.3,146.7391304347826,40.37234042553192,87.18125430737422,32.86666666666667,,39.4054054054054,56.3,22.4
1119549,tests_male_json.zip,2018-08-01,Test,India,England,Edgbaston,Birmingham,India tour of Ireland and England,2018,4,False,3,13,24,2,0,17,54.17,True,False,caught,JM Bairstow,162,10,0.0802,False,,England,loss,,2018,7.6,33.1,95.0,39.98947368421052,87.23306544202066,31.0625,4.0,38.473684210526315,54.7,22.2
1119550,tests_male_json.zip,2018-08-09,Test,India,England,Lord's,London,India tour of Ireland and England,2018,1,False,2,8,14,2,0,12,57.14,True,False,caught,JM Bairstow,107,10,0.0748,False,,England,loss,,2018,9.0,32.3,80.35714285714286,39.708333333333336,87.05183831925098,30.0,0.0,37.82051282051282,44.2,20.4
1119550,tests_male_json.zip,2018-08-09,Test,India,England,Lord's,London,India tour of Ireland and England,2018,3,False,2,10,16,2,0,12,62.5,True,False,lbw,,130,10,0.0769,False,,England,loss,,2018,6.8,23.7,56.666666666666664,39.381443298969074,86.95652173913044,28.77777777777778,4.0,37.075,44.1,22.7
1119551,tests_male_json.zip,2018-08-18,Test,India,England,Trent Bridge,Nottingham,India tour of Ireland and England,2018,1,False,2,23,53,4,0,42,43.4,True,False,lbw,,329,10,0.0699,False,,India,win,,2018,7.0,24.0,60.3448275862069,39.08163265306123,86.86777046949422,27.789473684210527,9.0,36.41463414634146,32.2,33.7
1119551,tests_male_json.zip,2018-08-18,Test,India,England,Trent Bridge,Nottingham,India tour of Ireland and England,2018,3,False,2,36,33,7,0,20,109.09,True,False,bowled,,352,7,0.1023,False,,India,win,,2018,11.6,19.3,53.211009174311926,38.91919191919192,86.35141192290453,27.55,16.0,36.095238095238095,24.8,51.3
1119552,tests_male_json.zip,2018-08-30,Test,India,England,The Rose Bowl,Southampton,India tour of Ireland and England,2018,2,False,2,19,24,2,0,16,79.17,True,False,lbw,,273,10,0.0696,False,,England,loss,,2018,18.0,12.8,64.28571428571429,38.89,86.51835372636263,27.952380952380953,,36.093023255813954,25.8,30.5
1119552,tests_male_json.zip,2018-08-30,Test,India,England,The Rose Bowl,Southampton,India tour of Ireland and England,2018,4,False,2,0,7,0,0,7,0.0,True,False,bowled,,184,10,0.0,False,,England,loss,,2018,19.2,14.1,68.57142857142857,38.693069306930695,86.47930958176588,27.545454545454547,19.0,35.70454545454545,23.0,0.0
1119553,tests_male_json.zip,2018-09-07,Test,India,England,Kennington Oval,London,India tour of Ireland and England,2018,2,False,1,37,53,4,0,31,69.81,True,False,bowled,,292,10,0.1267,False,,England,loss,,2018,17.6,12.2,66.16541353383458,38.31372549019608,86.34555899248785,26.347826086956523,,34.91111111111111,26.9,39.6
1119553,tests_male_json.zip,2018-09-07,Test,India,England,Kennington Oval,London,India tour of Ireland and England,2018,4,False,1,149,224,20,1,149,66.52,True,False,bowled,,345,10,0.4319,False,,England,loss,,2018,23.0,15.0,67.6470588235294,38.300970873786405,86.15418213583752,26.791666666666668,37.0,34.95652173913044,36.9,83.4
1157752,tests_male_json.zip,2018-10-04,Test,India,West Indies,Saurashtra Cricket Association Stadium,Rajkot,West Indies tour of India,2018/19,1,False,2,0,4,0,0,4,0.0,True,False,lbw,,649,9,0.0,False,,India,win,,2018,48.2,29.9,70.67448680351906,39.36538461538461,85.23839267124713,86.5,51.0,37.38297872340426,36.4,10.0
1157753,tests_male_json.zip,2018-10-12,Test,India,West Indies,"Rajiv Gandhi International Stadium, Uppal",Hyderabad,West Indies tour of India,2018/19,2,False,1,4,25,0,0,23,16.0,True,False,bowled,,367,10,0.0109,False,,India,win,,2018,41.0,29.5,65.7051282051282,38.99047619047619,85.16746411483254,69.2,18.428571428571427,36.604166666666664,35.4,16.1
1157753,tests_male_json.zip,2018-10-12,Test,India,West Indies,"Rajiv Gandhi International Stadium, Uppal",Hyderabad,West Indies tour of India,2018/19,4,False,2,33,53,1,1,30,62.26,False,True,not out,,75,0,0.44,False,,India,win,,2018,38.0,28.6,60.70287539936102,38.660377358490564,84.80960264900662,58.333333333333336,16.625,35.93877551020408,39.1,58.5
1157759,t20s_male_json.zip,2018-11-04,T20I,India,West Indies,Eden Gardens,Kolkata,West Indies tour of India,2018/19,2,False,3,16,22,2,0,13,72.73,True,False,caught,DM Bravo,110,5,0.1455,True,110.0,India,win,,2018,44.6,31.1,62.116991643454035,38.971698113207545,84.56499488229274,54.714285714285715,37.5,40.94117647058823,39.6,30.8
1157760,t20s_male_json.zip,2018-11-06,T20I,India,West Indies,Bharat Ratna Shri Atal Bihari Vajpayee Ekana Cricket Stadium,Lucknow,West Indies tour of India,2018/19,1,False,4,26,14,2,1,2,185.71,False,True,not out,,195,2,0.1333,False,,India,win,,2018,40.4,31.7,61.58536585365854,38.757009345794394,84.51192174444671,49.875,,39.55555555555556,40.8,46.8
1157761,t20s_male_json.zip,2018-11-11,T20I,India,West Indies,"MA Chidambaram Stadium, Chepauk",Chennai,West Indies tour of India,2018/19,2,False,3,17,10,4,0,5,170.0,True,False,caught,D Ramdin,182,4,0.0934,True,182.0,India,win,,2018,15.8,32.0,66.94915254237289,39.0,84.79983743141638,47.22222222222222,102.0,38.8421052631579,37.4,39.5
1144990,t20s_male_json.zip,2018-11-21,T20I,India,Australia,"Brisbane Cricket Ground, Woolloongabba",Brisbane,India tour of Australia,2018/19,2,False,3,13,12,1,0,4,108.33,True,False,stumped,AT Carey,169,7,0.0769,True,174.0,Australia,loss,D/L,2018,19.2,30.1,77.41935483870968,38.7962962962963,84.97262218616913,47.54545454545455,,37.75,37.1,20.5
1144992,t20s_male_json.zip,2018-11-25,T20I,India,Australia,Sydney Cricket Ground,Unknown,India tour of Australia,2018/19,2,False,4,14,20,0,1,11,70.0,True,False,caught,NM Coulter-Nile,168,4,0.0833,True,165.0,India,win,,2018,21.0,29.5,94.5945945945946,38.559633027522935,85.02933441230022,44.666666666666664,63.0,36.57142857142857,38.3,27.1
1144993,tests_male_json.zip,2018-12-06,Test,India,Australia,Adelaide Oval,Unknown,India tour of Australia,2018/19,1,False,1,2,8,0,0,7,25.0,True,False,caught,AJ Finch,250,10,0.008,False,,India,win,,2018,17.2,30.9,110.25641025641026,38.336363636363636,84.96876888978441,42.30769230769231,,35.88,33.7,17.3
1144993,tests_male_json.zip,2018-12-06,Test,India,Australia,Adelaide Oval,Unknown,India tour of Australia,2018/19,3,False,1,44,67,3,1,47,65.67,True,False,caught,TD Paine,307,10,0.1433,False,,India,win,,2018,14.4,27.4,112.5,38.009009009009006,84.87225910279622,39.42857142857143,2.0,35.21568627450981,29.0,52.5
1144994,tests_male_json.zip,2018-12-14,Test,India,Australia,Perth Stadium,Unknown,India tour of Australia,2018/19,2,False,1,2,17,0,0,15,11.76,True,False,bowled,,283,10,0.0071,False,,Australia,loss,,2018,18.0,16.9,76.92307692307692,38.0625,84.61691147280666,39.733333333333334,,35.38461538461539,28.7,4.0
1144994,tests_male_json.zip,2018-12-14,Test,India,Australia,Perth Stadium,Unknown,India tour of Australia,2018/19,4,False,1,0,4,0,0,4,0.0,True,False,bowled,,140,10,0.0,False,,Australia,loss,,2018,15.0,17.1,60.483870967741936,37.743362831858406,84.37190900098912,37.375,2.0,34.75471698113208,29.2,0.0
1144996,tests_male_json.zip,2019-01-03,Test,India,Australia,Sydney Cricket Ground,Sydney,India tour of Australia,2018/19,1,False,2,9,6,2,0,3,150.0,True,False,caught,SE Marsh,622,7,0.0145,False,,,no_result,,2019,12.4,16.7,53.44827586206897,37.41228070175438,84.30519865586085,35.1764705882353,46.666666666666664,34.111111111111114,26.8,24.6
1168247,t20s_male_json.zip,2019-02-24,T20I,India,Australia,Dr. Y.S. Rajasekhara Reddy ACA-VDCA Cricket Stadium,Visakhapatnam,Australia tour of India,2018/19,1,False,2,50,36,6,1,10,138.89,True,False,caught,AJ Finch,126,7,0.3968,False,,Australia,loss,,2019,11.4,14.3,55.88235294117647,37.165217391304346,84.38302073050346,33.72222222222222,7.2,35.54545454545455,33.8,56.2
1168248,t20s_male_json.zip,2019-02-27,T20I,India,Australia,M.Chinnaswamy Stadium,Bengaluru,Australia tour of India,2018/19,1,False,1,47,26,3,4,8,180.77,True,False,caught,JA Richardson,190,4,0.2474,False,,Australia,loss,,2019,21.0,17.7,80.76923076923077,37.275862068965516,84.7676926092923,34.578947368421055,47.0,36.17391304347826,37.7,51.3
1168245,odis_male_json.zip,2019-03-10,ODI,India,Australia,"Punjab Cricket Association IS Bindra Stadium, Mohali",Chandigarh,Australia tour of India,2018/19,1,False,3,26,31,1,0,10,83.87,True,False,caught,AT Carey,358,9,0.0726,False,,Australia,loss,,2019,21.6,19.8,121.34831460674157,37.35897435897436,85.25453481568168,35.2,42.0,23.363636363636363,37.5,27.0
1175359,ipl_male_json.zip,2019-03-25,IPL,Kings XI Punjab,Rajasthan Royals,Sawai Mansingh Stadium,Jaipur,Indian Premier League,2019,1,False,1,4,4,1,0,3,100.0,True,False,caught,JC Buttler,184,4,0.0217,False,,Kings XI Punjab,win,,2019,26.4,20.7,128.15533980582524,37.26271186440678,85.24621946490888,43.8,95.0,31.454545454545453,36.7,22.9
1175361,ipl_male_json.zip,2019-03-27,IPL,Kings XI Punjab,Kolkata Knight Riders,Eden Gardens,Kolkata,Indian Premier League,2019,2,False,1,1,5,0,0,4,20.0,True,False,caught,Kuldeep Yadav,190,4,0.0053,True,219.0,Kolkata Knight Riders,loss,,2019,27.2,19.8,132.03883495145632,36.983193277310924,85.25765207283999,38.4,33.2,30.844444444444445,35.8,2.7
1175364,ipl_male_json.zip,2019-03-30,IPL,Kings XI Punjab,Mumbai Indians,Punjab Cricket Association IS Bindra Stadium,Chandigarh,Indian Premier League,2019,2,False,1,71,57,6,1,16,124.56,False,True,not out,,177,2,0.4011,True,177.0,Kings XI Punjab,win,,2019,25.6,18.5,125.49019607843137,36.68333333333333,85.19450358041418,39.375,35.333333333333336,30.195652173913043,44.8,73.8
1175368,ipl_male_json.zip,2019-04-01,IPL,Kings XI Punjab,Delhi Capitals,Punjab Cricket Association IS Bindra Stadium,Chandigarh,Indian Premier League,2019,1,False,1,15,11,2,1,7,136.36,True,False,lbw,,166,9,0.0904,False,,Kings XI Punjab,win,,2019,29.8,25.4,121.13821138211382,37.275,85.62404287901991,,44.25,31.06382978723404,43.4,34.4
1178393,ipl_male_json.zip,2019-04-06,IPL,Kings XI Punjab,Chennai Super Kings,MA Chidambaram Stadium,Chennai,Indian Premier League,2019,2,False,1,55,47,3,1,11,117.02,True,False,caught,RA Jadeja,138,5,0.3986,True,161.0,Chennai Super Kings,loss,,2019,23.4,22.5,108.33333333333333,37.09090909090909,85.73065902578797,18.5,,30.729166666666668,51.6,55.7
1178397,ipl_male_json.zip,2019-04-08,IPL,Kings XI Punjab,Sunrisers Hyderabad,Punjab Cricket Association IS Bindra Stadium,Chandigarh,Indian Premier League,2019,2,False,1,71,53,7,1,15,133.96,False,True,not out,,151,4,0.4702,True,151.0,Kings XI Punjab,win,,2019,29.2,27.8,117.74193548387096,37.23770491803279,86.0090874668686,28.0,38.4,31.224489795918366,60.1,77.5
1178399,ipl_male_json.zip,2019-04-10,IPL,Kings XI Punjab,Mumbai Indians,Wankhede Stadium,Mumbai,Indian Premier League,2019,1,False,1,100,64,6,6,18,156.25,False,True,not out,,197,4,0.5076,False,,Mumbai Indians,loss,,2019,42.6,34.9,123.121387283237,37.81967213114754,86.48547328959701,42.888888888888886,34.0,32.02,69.7,86.0
1178403,ipl_male_json.zip,2019-04-13,IPL,Kings XI Punjab,Royal Challengers Bangalore,Punjab Cricket Association IS Bindra Stadium,Chandigarh,Indian Premier League,2019,1,False,1,18,15,2,1,8,120.0,True,False,stumped,PA Patel,173,4,0.104,False,,Royal Challengers Bangalore,loss,,2019,62.4,44.0,134.48275862068965,38.63934426229508,87.31246527134655,29.5,43.833333333333336,33.35294117647059,63.9,24.6
1178407,ipl_male_json.zip,2019-04-16,IPL,Kings XI Punjab,Rajasthan Royals,Punjab Cricket Association IS Bindra Stadium,Chandigarh,Indian Premier League,2019,1,False,1,52,47,3,2,17,110.64,True,False,caught,JC Archer,182,6,0.2857,False,,Kings XI Punjab,win,,2019,51.8,40.8,136.31578947368422,38.47154471544715,87.40302918359808,37.166666666666664,40.142857142857146,33.05769230769231,64.6,59.2
1178412,ipl_male_json.zip,2019-04-20,IPL,Kings XI Punjab,Delhi Capitals,Arun Jaitley Stadium,Delhi,Indian Premier League,2019,1,False,1,12,9,1,1,5,133.33,True,False,stumped,RR Pant,163,7,0.0736,False,,Delhi Capitals,loss,,2019,59.2,41.3,130.97345132743362,38.58064516129032,87.60300311298298,15.0,23.0,33.41509433962264,64.4,22.0
1178417,ipl_male_json.zip,2019-04-24,IPL,Kings XI Punjab,Royal Challengers Bangalore,M.Chinnaswamy Stadium,Bengaluru,Indian Premier League,2019,2,False,1,42,27,7,1,12,155.56,True,False,caught,TG Southee,185,7,0.227,True,203.0,Royal Challengers Bangalore,loss,,2019,50.6,39.9,134.5744680851064,38.368,87.6782449725777,27.2,47.0,33.01851851851852,69.4,44.9
1178423,ipl_male_json.zip,2019-04-29,IPL,Kings XI Punjab,Sunrisers Hyderabad,Rajiv Gandhi International Stadium,Hyderabad,Indian Premier League,2019,2,False,1,79,56,4,5,20,141.07,True,False,caught,KS Williamson,167,8,0.4731,True,213.0,Sunrisers Hyderabad,loss,,2019,44.8,43.7,138.2716049382716,38.3968253968254,88.01164271420775,36.6,32.0,33.18181818181818,78.3,71.9
1178427,ipl_male_json.zip,2019-05-03,IPL,Kings XI Punjab,Kolkata Knight Riders,Punjab Cricket Association IS Bindra Stadium,Chandigarh,Indian Premier League,2019,1,False,2,2,7,0,0,5,28.57,True,False,caught,CA Lynn,183,6,0.0109,False,,Kolkata Knight Riders,loss,,2019,40.6,51.5,131.8181818181818,38.71653543307087,88.54673149648839,32.166666666666664,41.625,34.0,70.2,4.3
1178430,ipl_male_json.zip,2019-05-05,IPL,Kings XI Punjab,Chennai Super Kings,Punjab Cricket Association IS Bindra Stadium,Chandigarh,Indian Premier League,2019,2,False,1,71,36,7,5,12,197.22,True,False,caught,Imran Tahir,173,4,0.4104,True,171.0,Kings XI Punjab,win,,2019,37.4,44.6,128.08219178082192,38.4296875,88.47122302158273,25.8,37.22222222222222,33.43859649122807,78.3,81.4
1144490,odis_male_json.zip,2019-06-05,ODI,India,South Africa,The Rose Bowl,Southampton,World Cup,2019,2,False,4,26,42,2,0,25,61.9,True,False,caught,F du Plessis,230,4,0.113,True,228.0,India,win,,2019,41.2,50.2,152.59259259259258,38.68217054263566,89.17083631165119,7.5,9.5,23.583333333333332,71.9,35.4
1144496,odis_male_json.zip,2019-06-09,ODI,India,Australia,Kennington Oval,London,World Cup,2019,1,False,6,11,3,1,1,0,366.67,False,True,not out,,352,5,0.0312,False,,India,win,,2019,44.0,47.3,130.95238095238096,38.58461538461538,88.96771904930827,34.76190476190476,93.0,23.76923076923077,65.0,36.2
1144504,odis_male_json.zip,2019-06-16,ODI,India,Pakistan,Old Trafford,Manchester,World Cup,2019,1,False,1,57,78,3,2,43,73.08,True,False,caught,Babar Azam,336,5,0.1696,False,,India,win,D/L,2019,37.8,41.3,131.25,38.66923076923077,89.11540507002304,,101.0,22.857142857142858,59.6,56.3
1144516,odis_male_json.zip,2019-06-27,ODI,India,West Indies,Old Trafford,Manchester,World Cup,2019,1,False,1,48,64,6,0,41,75.0,True,False,bowled,,268,7,0.1791,False,,India,win,,2019,33.4,37.0,100.60240963855422,38.80916030534351,88.89666025528939,44.2,79.0,25.133333333333333,62.3,50.9
1144520,odis_male_json.zip,2019-06-30,ODI,India,England,Edgbaston,Birmingham,World Cup,2019,2,False,1,0,9,0,0,9,0.0,True,False,caught and bowled,,306,5,0.0,True,338.0,England,loss,,2019,42.6,40.0,95.51569506726457,38.878787878787875,88.74286702403596,31.68,8.5,26.5625,54.8,0.0
1144522,odis_male_json.zip,2019-07-02,ODI,India,Bangladesh,Edgbaston,Birmingham,World Cup,2019,1,False,1,77,92,6,1,44,83.7,True,False,caught,Mushfiqur Rahim,314,9,0.2452,False,,India,win,,2019,28.4,34.8,72.44897959183673,38.58646616541353,88.60497237569061,12.0,5.666666666666667,25.0,61.4,69.9
1144526,odis_male_json.zip,2019-07-06,ODI,India,Sri Lanka,Headingley,Leeds,World Cup,2019,2,False,1,111,118,11,1,52,94.07,True,False,caught,MDKJ Perera,265,3,0.4189,True,265.0,India,win,,2019,38.6,41.3,78.45528455284553,38.87313432835821,88.52821210061182,30.42105263157895,,27.88888888888889,65.9,90.7
1144528,odis_male_json.zip,2019-07-09,ODI,India,New Zealand,Old Trafford,Manchester,World Cup,2019,2,False,1,1,7,0,0,6,14.29,True,False,caught,TWM Latham,221,10,0.0045,True,240.0,New Zealand,loss,,2019,58.6,48.2,81.16343490304709,39.407407407407405,88.6371209596801,35.0,68.66666666666667,32.26315789473684,56.3,2.7
1188623,t20s_male_json.zip,2019-08-06,T20I,India,West Indies,"Providence Stadium, Guyana",Providence,India tour of United States of America and West Indies,2019,2,False,1,20,18,2,1,11,111.11,True,False,caught,N Pooran,150,3,0.1333,True,147.0,India,win,,2019,47.4,40.4,81.72413793103448,39.125,88.55050757197537,44.54545454545455,,36.625,57.9,36.2
1188628,tests_male_json.zip,2019-08-22,Test,India,West Indies,"Sir Vivian Richards Stadium, Antigua",North Sound,India in West Indies Test Series,2019,1,False,1,44,97,5,0,76,45.36,True,False,caught,SD Hope,297,10,0.1481,False,,India,win,,2019,41.8,42.2,85.65573770491804,38.98540145985402,88.6178861788618,42.5,,33.654545454545456,52.2,47.7
1188628,tests_male_json.zip,2019-08-22,Test,India,West Indies,"Sir Vivian Richards Stadium, Antigua",North Sound,India in West Indies Test Series,2019,3,False,1,38,85,4,0,64,44.71,True,False,bowled,,343,7,0.1108,False,,India,win,,2019,50.6,39.5,76.20481927710843,39.02173913043478,87.93272370999347,42.61538461538461,44.0,33.839285714285715,54.4,43.4
1188629,tests_male_json.zip,2019-08-30,Test,India,West Indies,"Sabina Park, Jamaica",Kingston,India in West Indies Test Series,2019,1,False,1,13,26,2,0,22,50.0,True,False,caught,RRS Cornwall,416,10,0.0312,False,,India,win,,2019,42.8,40.7,65.84615384615384,39.014388489208635,87.34095667579321,42.285714285714285,,33.91228070175438,54.1,29.2
1188629,tests_male_json.zip,2019-08-30,Test,India,West Indies,"Sabina Park, Jamaica",Kingston,India in West Indies Test Series,2019,3,False,1,6,63,1,0,60,9.52,True,False,caught,JN Hamilton,168,4,0.0357,False,,India,win,,2019,23.2,40.9,49.78540772532189,38.82857142857143,87.18524458700882,40.333333333333336,13.0,33.55172413793103,46.1,16.4
1187013,t20s_male_json.zip,2019-11-03,T20I,India,Bangladesh,Arun Jaitley Stadium,Delhi,Bangladesh tour of India,2019/20,1,False,3,15,17,2,0,8,88.24,True,False,caught,Mahmudullah,148,6,0.1014,False,,Bangladesh,loss,,2019,24.2,35.8,41.86851211072664,38.59574468085106,86.40838361384566,28.25,17.5,35.96,41.9,20.2
1187014,t20s_male_json.zip,2019-11-07,T20I,India,Bangladesh,Saurashtra Cricket Association Stadium,Rajkot,Bangladesh tour of India,2019/20,2,False,3,8,11,0,0,3,72.73,False,True,not out,,154,2,0.0519,True,154.0,India,win,,2019,23.2,32.5,40.27777777777778,38.429577464788736,86.41330166270784,25.6,25.5,35.15384615384615,42.6,23.4
1187015,t20s_male_json.zip,2019-11-10,T20I,India,Bangladesh,"Vidarbha Cricket Association Stadium, Jamtha",Nagpur,Bangladesh tour of India,2019/20,1,False,3,52,35,7,0,8,148.57,True,False,caught,Liton Das,174,5,0.2989,False,,India,win,,2019,16.0,33.3,39.603960396039604,38.485915492957744,86.38950363578881,22.666666666666668,39.0,34.148148148148145,41.6,64.2
1187018,t20s_male_json.zip,2019-12-06,T20I,India,West Indies,"Rajiv Gandhi International Stadium, Uppal",Hyderabad,West Indies tour of India,2019/20,2,False,2,62,40,5,4,13,155.0,True,False,caught,KA Pollard,209,4,0.2967,True,208.0,India,win,,2019,18.8,30.8,61.8421052631579,38.58041958041958,86.73164596761515,38.1875,18.444444444444443,34.785714285714285,39.7,69.3
1187019,t20s_male_json.zip,2019-12-08,T20I,India,West Indies,Greenfield International Stadium,Thiruvananthapuram,West Indies tour of India,2019/20,1,False,2,11,11,1,0,4,100.0,True,False,caught,SO Hetmyer,170,7,0.0647,False,,West Indies,loss,,2019,28.6,25.9,86.144578313253,38.74305555555556,87.15825652241837,39.588235294117645,,35.724137931034484,40.8,18.2
1187020,t20s_male_json.zip,2019-12-11,T20I,India,West Indies,Wankhede Stadium,Mumbai,West Indies tour of India,2019/20,1,False,2,91,56,9,4,16,162.5,True,False,caught,N Pooran,240,3,0.3792,False,,India,win,,2019,29.6,26.9,129.82456140350877,38.55172413793103,87.18028696194635,38.0,45.0,34.9,49.7,86.5
1187021,odis_male_json.zip,2019-12-15,ODI,India,West Indies,"MA Chidambaram Stadium, Chepauk",Chennai,West Indies tour of India,2019/20,1,False,2,6,15,1,0,12,40.0,True,False,caught,SO Hetmyer,287,8,0.0209,False,,West Indies,loss,,2019,44.8,34.0,146.40522875816993,38.91095890410959,87.83240568954854,40.78947368421053,73.66666666666667,30.7,46.4,9.5
1187022,odis_male_json.zip,2019-12-18,ODI,India,West Indies,Dr. Y.S. Rajasekhara Reddy ACA-VDCA Cricket Stadium,Visakhapatnam,West Indies tour of India,2019/20,1,False,2,102,104,8,3,47,98.08,True,False,caught,RL Chase,387,5,0.2636,False,,India,win,,2019,44.4,30.2,141.40127388535032,38.68707482993197,87.72173376523214,39.05,14.333333333333334,29.523809523809526,53.4,85.1
1187023,odis_male_json.zip,2019-12-22,ODI,India,West Indies,Barabati Stadium,Cuttack,West Indies tour of India,2019/20,2,False,2,77,89,8,1,44,86.52,True,False,caught,SD Hope,316,6,0.2437,True,316.0,India,win,,2019,54.4,36.6,120.35398230088495,39.11486486486486,87.88522848034006,42.04761904761905,33.0,32.81818181818182,61.0,70.2
1202243,t20s_male_json.zip,2020-01-07,T20I,India,Sri Lanka,Holkar Cricket Stadium,Indore,Sri Lanka tour of India,2019/20,2,False,1,45,32,6,0,9,140.62,True,False,bowled,,144,3,0.3125,True,143.0,India,win,,2020,57.4,43.0,104.36363636363636,39.369127516778526,87.86698621929298,34.45,56.8,36.70967741935484,68.4,58.7
1202244,t20s_male_json.zip,2020-01-10,T20I,India,Sri Lanka,Maharashtra Cricket Association Stadium,Pune,Sri Lanka tour of India,2019/20,1,False,1,54,36,5,1,5,150.0,True,False,stumped,MDKJ Perera,201,6,0.2687,False,,India,win,,2020,64.2,46.9,108.44594594594595,39.406666666666666,88.11866428145498,34.95238095238095,19.2,36.96875,75.1,64.0
1187027,odis_male_json.zip,2020-01-14,ODI,India,Australia,Wankhede Stadium,Mumbai,Australia tour of India,2019/20,1,False,3,47,61,4,0,28,77.05,True,False,caught,SPD Smith,255,10,0.1843,False,,Australia,loss,,2020,56.8,50.8,102.89855072463769,39.503311258278146,88.44899169632265,33.68181818181818,51.57142857142857,34.73913043478261,79.0,40.9
1187028,odis_male_json.zip,2020-01-17,ODI,India,Australia,Saurashtra Cricket Association Stadium,Rajkot,Australia tour of India,2019/20,1,False,5,80,52,6,3,9,153.85,True,False,run out,,340,6,0.2353,False,,India,win,,2020,65.0,54.7,100.93167701863354,39.55263157894737,88.34680382072006,34.26086956521739,19.666666666666668,35.25,80.9,78.4
1187029,odis_male_json.zip,2020-01-19,ODI,India,Australia,M.Chinnaswamy Stadium,Bengaluru,Australia tour of India,2019/20,2,False,2,19,27,2,0,14,70.37,True,False,lbw,,289,3,0.0657,True,287.0,India,win,,2020,60.6,57.5,112.22222222222223,39.81699346405229,88.84351757328278,36.166666666666664,45.333333333333336,37.04,73.7,31.6
1187677,t20s_male_json.zip,2020-01-24,T20I,India,New Zealand,Eden Park,Auckland,India tour of New Zealand,2019/20,2,False,2,56,27,4,3,3,207.41,True,False,caught,TG Southee,204,4,0.2745,True,204.0,India,win,,2020,49.0,53.2,117.78846153846153,39.68181818181818,88.7710633352702,23.666666666666668,,37.484848484848484,81.1,69.2
1187678,t20s_male_json.zip,2020-01-26,T20I,India,New Zealand,Eden Park,Auckland,India tour of New Zealand,2019/20,2,False,2,57,50,3,2,18,114.0,False,True,not out,,135,3,0.4222,True,133.0,India,win,,2020,51.2,57.7,126.10837438423646,39.78709677419355,89.23455361018667,31.75,56.0,38.029411764705884,78.2,67.7
1187679,t20s_male_json.zip,2020-01-29,T20I,India,New Zealand,Seddon Park,Hamilton,India tour of New Zealand,2019/20,1,False,2,27,19,2,1,3,142.11,True,False,caught,C Munro,179,5,0.1508,False,,,tie,,2020,51.8,54.3,119.35483870967742,40.15483870967742,89.4124407412728,36.8,,38.57142857142857,80.3,33.3
1187680,t20s_male_json.zip,2020-01-31,T20I,India,New Zealand,Westpac Stadium,Wellington,India tour of New Zealand,2019/20,1,False,1,39,26,3,2,9,150.0,True,False,caught,MJ Santner,165,8,0.2364,False,,,tie,,2020,47.8,56.4,136.57142857142858,40.07051282051282,89.55587392550143,35.166666666666664,,38.25,76.3,44.0
1187681,t20s_male_json.zip,2020-02-02,T20I,India,New Zealand,Bay Oval,Mount Maunganui,India tour of New Zealand,2019/20,1,False,1,45,33,4,2,11,136.36,True,False,caught,MJ Santner,163,3,0.2761,False,,India,win,,2020,39.6,50.1,132.88590604026845,40.06369426751592,89.78018840993435,35.714285714285715,,38.270270270270274,74.7,56.8
1187682,odis_male_json.zip,2020-02-05,ODI,India,New Zealand,Seddon Park,Hamilton,India tour of New Zealand,2019/20,1,False,5,88,64,3,6,19,137.5,False,True,not out,,347,4,0.2536,False,,New Zealand,loss,,2020,44.8,46.9,144.51612903225808,40.09493670886076,89.99857934365677,36.875,27.0,36.34615384615385,78.6,72.7
1187683,odis_male_json.zip,2020-02-08,ODI,India,New Zealand,Eden Park,Auckland,India tour of New Zealand,2019/20,2,False,5,4,8,0,0,5,50.0,True,False,bowled,,251,10,0.0159,True,274.0,New Zealand,loss,,2020,51.2,51.2,133.33333333333334,40.651898734177216,90.42658031817543,42.55555555555556,56.5,38.25925925925926,71.1,9.8
1187684,odis_male_json.zip,2020-02-11,ODI,India,New Zealand,Bay Oval,Mount Maunganui,India tour of New Zealand,2019/20,1,False,5,112,113,9,2,46,99.12,True,False,caught,KA Jamieson,296,7,0.3784,False,,New Zealand,loss,,2020,40.6,46.2,135.33333333333334,40.42138364779874,90.38109970468288,38.7,45.0,37.035714285714285,76.0,79.8
1216493,ipl_male_json.zip,2020-09-20,IPL,Kings XI Punjab,Delhi Capitals,Dubai International Cricket Stadium,Unknown,Indian Premier League,2020/21,2,False,1,21,19,2,1,10,110.53,True,False,bowled,,157,8,0.1338,True,158.0,,tie,,2020,57.6,52.7,118.0327868852459,40.86875,90.51771871539313,13.5,46.0,34.08620689655172,68.2,26.1
1216510,ipl_male_json.zip,2020-09-24,IPL,Kings XI Punjab,Royal Challengers Bangalore,Dubai International Cricket Stadium,Unknown,Indian Premier League,2020/21,1,False,1,132,69,14,7,18,191.3,False,True,not out,,206,3,0.6408,False,,Kings XI Punjab,win,,2020,54.0,46.8,113.92405063291139,40.745341614906835,90.5702057158636,29.666666666666668,33.5,33.86440677966102,80.5,99.6
1216527,ipl_male_json.zip,2020-09-27,IPL,Kings XI Punjab,Rajasthan Royals,Sharjah Cricket Stadium,Unknown,Indian Premier League,2020/21,1,False,1,69,54,7,1,13,127.78,True,False,caught,S Gopal,223,2,0.3094,False,,Rajasthan Royals,loss,,2020,71.4,58.1,130.76923076923077,41.56521739130435,91.52078774617067,39.285714285714285,26.0,35.5,80.5,59.5
1216503,ipl_male_json.zip,2020-10-01,IPL,Kings XI Punjab,Mumbai Indians,Sheikh Zayed Stadium,Abu Dhabi,Indian Premier League,2020/21,2,False,1,17,19,1,0,6,89.47,True,False,bowled,,143,8,0.1189,True,192.0,Mumbai Indians,loss,,2020,67.6,59.4,128.5171102661597,41.73456790123457,91.7865870214499,48.6,20.0,36.049180327868854,74.4,21.6
1216513,ipl_male_json.zip,2020-10-04,IPL,Kings XI Punjab,Chennai Super Kings,Dubai International Cricket Stadium,Unknown,Indian Premier League,2020/21,1,False,1,63,52,7,1,19,121.15,True,False,caught,MS Dhoni,178,4,0.3539,False,,Chennai Super Kings,loss,,2020,70.2,55.4,128.1021897810219,41.58282208588957,91.78063642518619,33.333333333333336,66.33333333333333,35.74193548387097,79.9,57.9
1216542,ipl_male_json.zip,2020-10-08,IPL,Kings XI Punjab,Sunrisers Hyderabad,Dubai International Cricket Stadium,Unknown,Indian Premier League,2020/21,2,False,1,11,16,0,0,8,68.75,True,False,caught,KS Williamson,132,10,0.0833,True,202.0,Sunrisers Hyderabad,loss,,2020,60.4,59.0,141.78403755868544,41.71341463414634,91.98601586661287,43.666666666666664,65.5,36.17460317460318,75.5,15.3
1216523,ipl_male_json.zip,2020-10-10,IPL,Kings XI Punjab,Kolkata Knight Riders,Sheikh Zayed Stadium,Abu Dhabi,Indian Premier League,2020/21,2,False,1,74,58,6,0,14,127.59,True,False,bowled,,162,5,0.4568,True,165.0,Kolkata Knight Riders,loss,,2020,58.4,56.2,139.04761904761904,41.527272727272724,91.93613310076479,27.857142857142858,18.5,35.78125,78.7,67.7
1216531,ipl_male_json.zip,2020-10-15,IPL,Kings XI Punjab,Royal Challengers Bangalore,Sharjah Cricket Stadium,Unknown,Indian Premier League,2020/21,2,False,1,61,49,1,5,17,124.49,False,True,not out,,177,2,0.3446,True,172.0,Kings XI Punjab,win,,2020,46.8,59.1,117.58793969849246,41.72289156626506,92.211423245906,44.285714285714285,40.333333333333336,36.36923076923077,76.8,67.0
1216517,ipl_male_json.zip,2020-10-18,IPL,Kings XI Punjab,Mumbai Indians,Dubai International Cricket Stadium,Unknown,Indian Premier League,2020/21,2,False,1,77,51,7,3,16,150.98,True,False,bowled,,176,6,0.4375,True,177.0,,tie,,2020,45.2,56.4,116.49484536082474,42.09036144578313,92.42063492063492,45.72727272727273,54.6,36.74242424242424,83.5,70.6
1216546,ipl_male_json.zip,2020-10-20,IPL,Kings XI Punjab,Delhi Capitals,Dubai International Cricket Stadium,Unknown,Indian Premier League,2020/21,2,False,1,15,11,1,1,5,136.36,True,False,caught,DR Sams,167,5,0.0898,True,165.0,Kings XI Punjab,win,,2020,57.2,63.7,126.54867256637168,42.29940119760479,92.8130337669163,16.0,58.333333333333336,37.343283582089555,77.7,34.3
1216498,ipl_male_json.zip,2020-10-24,IPL,Kings XI Punjab,Sunrisers Hyderabad,Dubai International Cricket Stadium,Unknown,Indian Premier League,2020/21,1,False,1,27,27,2,1,11,100.0,True,False,bowled,,126,7,0.2143,False,,Kings XI Punjab,win,,2020,47.6,54.0,128.64864864864865,42.13690476190476,92.8758855943322,39.0,52.142857142857146,37.01470588235294,77.9,41.0
1216520,ipl_male_json.zip,2020-10-26,IPL,Kings XI Punjab,Kolkata Knight Riders,Sharjah Cricket Stadium,Unknown,Indian Premier League,2020/21,2,False,1,28,25,4,0,11,112.0,True,False,lbw,,150,2,0.1867,True,150.0,Kings XI Punjab,win,,2020,50.8,54.6,129.59183673469389,42.04733727810651,92.90103281474703,33.625,45.5,36.869565217391305,66.7,41.6
1216537,ipl_male_json.zip,2020-10-30,IPL,Kings XI Punjab,Rajasthan Royals,Sheikh Zayed Stadium,Abu Dhabi,Indian Premier League,2020/21,1,False,1,46,41,3,2,16,112.2,True,False,caught,R Tewatia,185,4,0.2486,False,,Rajasthan Royals,loss,,2020,41.6,44.2,127.60736196319019,41.96470588235294,92.9632525410477,43.0,37.0,36.74285714285714,63.5,43.2
1216506,ipl_male_json.zip,2020-11-01,IPL,Kings XI Punjab,Chennai Super Kings,Sheikh Zayed Stadium,Abu Dhabi,Indian Premier League,2020/21,1,False,1,29,27,3,1,12,107.41,True,False,bowled,,153,6,0.1895,False,,Chennai Super Kings,loss,,2020,38.6,41.9,124.51612903225806,41.98830409356725,93.06545690213869,37.57142857142857,39.25,36.87323943661972,64.4,31.6
1223955,odis_male_json.zip,2020-11-27,ODI,India,Australia,Sydney Cricket Ground,Unknown,India tour of Australia,2020/21,2,False,5,12,15,1,0,8,80.0,True,False,caught,SPD Smith,308,8,0.039,True,375.0,Australia,loss,,2020,29.0,43.1,110.68702290076335,41.91279069767442,93.11547403771635,35.48,37.25,39.62068965517241,57.4,18.8
1223956,odis_male_json.zip,2020-11-29,ODI,India,Australia,Sydney Cricket Ground,Unknown,India tour of Australia,2020/21,2,False,5,76,66,4,5,30,115.15,True,False,caught,JR Hazlewood,338,9,0.2249,True,390.0,Australia,loss,,2020,28.4,38.0,105.18518518518519,41.73988439306358,93.09011215676163,34.57692307692308,32.2,38.7,65.1,63.3
1223957,odis_male_json.zip,2020-12-02,ODI,India,Australia,Manuka Oval,Canberra,India tour of Australia,2020/21,1,False,5,5,11,0,0,7,45.45,True,False,lbw,,302,5,0.0166,False,,India,win,,2020,38.2,44.5,109.77011494252874,41.9367816091954,93.27623673782438,36.111111111111114,,39.903225806451616,56.7,19.6
1223952,t20s_male_json.zip,2020-12-04,T20I,India,Australia,Manuka Oval,Canberra,India tour of Australia,2020/21,1,False,1,51,40,5,1,14,127.5,True,False,caught,SA Abbott,161,7,0.3168,False,,India,win,,2020,33.6,37.6,105.0,41.72571428571428,93.20908858820526,35.0,5.0,38.44736842105263,56.2,62.2
1223953,t20s_male_json.zip,2020-12-06,T20I,India,Australia,Sydney Cricket Ground,Sydney,India tour of Australia,2020/21,2,False,1,30,22,2,1,8,136.36,True,False,caught,MJ Swepson,195,4,0.1538,True,195.0,India,win,,2020,34.6,36.6,108.80503144654088,41.77840909090909,93.38328676657353,35.55172413793103,39.5,38.76923076923077,51.3,45.2
1223954,t20s_male_json.zip,2020-12-08,T20I,India,Australia,Sydney Cricket Ground,Sydney,India tour of Australia,2020/21,2,False,1,0,2,0,0,2,0.0,True,False,caught,SPD Smith,174,7,0.0,True,187.0,Australia,loss,,2020,34.8,31.9,112.98701298701299,41.71186440677966,93.5030395136778,35.36666666666667,38.142857142857146,38.55,49.9,0.0
1243388,t20s_male_json.zip,2021-03-12,T20I,India,England,Narendra Modi Stadium,Ahmedabad,India v England,2020/21,1,False,2,1,4,0,0,3,25.0,True,False,bowled,,124,7,0.0081,False,,England,loss,,2021,32.4,30.4,114.8936170212766,41.47752808988764,93.47936186376297,30.46153846153846,,37.609756097560975,48.1,3.4
1243389,t20s_male_json.zip,2021-03-14,T20I,India,England,Narendra Modi Stadium,Ahmedabad,England tour of India,2020/21,2,False,1,0,6,0,0,6,0.0,True,False,caught,JC Buttler,166,3,0.0,True,165.0,India,win,,2021,17.4,27.8,110.12658227848101,41.25139664804469,93.44469754492533,29.37037037037037,1.0,36.73809523809524,45.6,10.0
1243390,t20s_male_json.zip,2021-03-16,T20I,India,England,Narendra Modi Stadium,Ahmedabad,England tour of India,2020/21,1,False,2,0,4,0,0,4,0.0,True,False,bowled,,156,6,0.0,False,,England,loss,,2021,16.4,25.0,110.8108108108108,41.022222222222226,93.37379868487608,28.321428571428573,0.5,35.883720930232556,40.1,0.0
1243391,t20s_male_json.zip,2021-03-18,T20I,India,England,Narendra Modi Stadium,Ahmedabad,England tour of India,2020/21,1,False,2,14,17,2,0,9,82.35,True,False,caught,JC Archer,185,8,0.0757,False,,India,win,,2021,6.2,20.4,81.57894736842105,40.79558011049724,93.32659251769464,27.344827586206897,0.3333333333333333,35.06818181818182,38.7,28.1
1243393,odis_male_json.zip,2021-03-23,ODI,India,England,Maharashtra Cricket Association Stadium,Pune,England tour of India,2020/21,1,False,5,62,43,4,4,16,144.19,False,True,not out,,317,5,0.1956,False,,India,win,,2021,3.0,18.9,45.45454545454545,40.64835164835165,93.30306469920545,26.9,25.0,38.8125,46.8,68.7
1243394,odis_male_json.zip,2021-03-26,ODI,India,England,Maharashtra Cricket Association Stadium,Pune,England tour of India,2020/21,1,False,4,108,114,7,2,40,94.74,True,False,caught,RJW Topley,336,6,0.3214,False,,England,loss,,2021,15.4,23.9,104.05405405405405,40.989010989010985,93.57752132463622,28.032258064516128,30.285714285714285,39.515151515151516,46.8,76.9
1243395,odis_male_json.zip,2021-03-28,ODI,India,England,Maharashtra Cricket Association Stadium,Pune,England tour of India,2020/21,1,False,5,7,18,0,0,11,38.89,True,False,caught,MM Ali,329,10,0.0213,False,,India,win,,2021,36.8,27.1,100.0,41.3551912568306,93.59386594113282,30.53125,40.0,41.529411764705884,46.6,19.8
1254061,ipl_male_json.zip,2021-04-12,IPL,Punjab Kings,Rajasthan Royals,"Wankhede Stadium, Mumbai",Mumbai,Indian Premier League,2021,1,False,1,91,50,7,5,10,182.0,True,False,caught,R Tewatia,221,6,0.4118,False,,Punjab Kings,win,,2021,38.2,27.3,97.44897959183673,41.16847826086956,93.47235932872655,43.333333333333336,,36.763888888888886,50.6,89.1
1254065,ipl_male_json.zip,2021-04-16,IPL,Punjab Kings,Chennai Super Kings,"Wankhede Stadium, Mumbai",Mumbai,Indian Premier League,2021,1,False,1,5,7,1,0,5,71.43,True,False,run out,,106,8,0.0472,False,,Chennai Super Kings,loss,,2021,56.4,31.3,116.52892561983471,41.43783783783784,94.01520726024037,36.5,91.0,37.50684931506849,46.3,11.5
1254068,ipl_male_json.zip,2021-04-18,IPL,Punjab Kings,Delhi Capitals,"Wankhede Stadium, Mumbai",Mumbai,Indian Premier League,2021,1,False,1,61,51,7,2,22,119.61,True,False,caught,MP Stoinis,195,4,0.3128,False,,Delhi Capitals,loss,,2021,54.6,28.8,117.67241379310344,41.24193548387097,93.99583384389169,15.75,48.0,37.067567567567565,54.3,55.2
1254071,ipl_male_json.zip,2021-04-21,IPL,Punjab Kings,Sunrisers Hyderabad,"MA Chidambaram Stadium, Chepauk, Chennai",Chennai,Indian Premier League,2021,1,False,1,4,6,0,0,2,66.67,True,False,caught,KM Jadhav,120,10,0.0333,False,,Sunrisers Hyderabad,loss,,2021,54.4,34.9,113.33333333333333,41.3475935828877,94.15489527520702,37.5,,37.38666666666666,54.5,10.0
1254074,ipl_male_json.zip,2021-04-23,IPL,Punjab Kings,Mumbai Indians,"MA Chidambaram Stadium, Chepauk, Chennai",Chennai,Indian Premier League,2021,2,False,1,60,52,3,3,19,115.38,False,True,not out,,132,1,0.4545,True,132.0,Punjab Kings,win,,2021,33.6,35.2,127.27272727272727,41.148936170212764,94.13482599172548,48.333333333333336,4.0,36.94736842105263,62.4,70.0
1254078,ipl_male_json.zip,2021-04-26,IPL,Punjab Kings,Kolkata Knight Riders,"Narendra Modi Stadium, Ahmedabad",Ahmedabad,Indian Premier League,2021,1,False,1,19,20,2,1,12,95.0,True,False,caught,SP Narine,123,9,0.1545,False,,Kolkata Knight Riders,loss,,2021,44.2,41.2,133.13253012048193,41.46808510638298,94.26844014510279,33.0,,37.246753246753244,63.8,24.5
1254083,ipl_male_json.zip,2021-04-30,IPL,Punjab Kings,Royal Challengers Bangalore,"Narendra Modi Stadium, Ahmedabad",Ahmedabad,Indian Premier League,2021,1,False,1,91,57,7,5,15,159.65,False,True,not out,,179,5,0.5084,False,,Punjab Kings,win,,2021,29.8,43.1,109.55882352941177,41.34920634920635,94.27020506634499,46.375,19.0,37.01282051282051,73.2,90.3
1239543,tests_male_json.zip,2021-08-04,Test,India,England,"Trent Bridge, Nottingham",Nottingham,India tour of England,2021,2,False,2,84,214,12,0,173,39.25,True,False,caught,JC Buttler,278,10,0.3022,False,,,no_result,,2021,47.0,50.8,126.34408602150538,41.83068783068783,94.7166646699413,29.818181818181817,,33.08474576271186,69.3,62.4
1239543,tests_male_json.zip,2021-08-04,Test,India,England,"Trent Bridge, Nottingham",Nottingham,India tour of England,2021,4,False,1,26,38,6,0,30,68.42,True,False,caught,JC Buttler,52,1,0.5,False,,,no_result,,2021,51.6,53.0,73.92550143266476,42.05263157894737,93.33021843242612,31.41176470588235,84.0,33.93333333333333,60.5,48.3
1239544,tests_male_json.zip,2021-08-12,Test,India,England,"Lord's, London",London,India tour of England,2021,1,False,2,129,250,12,1,176,51.6,True,False,caught,DP Sibley,364,10,0.3544,False,,India,win,,2021,56.0,44.8,73.49081364829397,41.968586387434556,93.22014187696243,31.257142857142856,,33.80327868852459,69.4,86.7
1239544,tests_male_json.zip,2021-08-12,Test,India,England,"Lord's, London",London,India tour of England,2021,3,False,1,5,30,0,0,26,16.67,True,False,caught,JC Buttler,298,8,0.0168,False,,India,win,,2021,69.8,57.0,60.27633851468048,42.421875,92.04429879082382,33.97222222222222,129.0,35.33870967741935,58.8,17.0
1239545,tests_male_json.zip,2021-08-25,Test,India,England,"Headingley, Leeds",Leeds,India tour of England,2021,1,False,2,0,4,0,0,4,0.0,True,False,caught,JC Buttler,78,10,0.0,False,,England,loss,,2021,67.0,48.4,56.87606112054329,42.2279792746114,91.78961594774186,33.189189189189186,,34.857142857142854,58.4,0.0
1239545,tests_male_json.zip,2021-08-25,Test,India,England,"Headingley, Leeds",Leeds,India tour of England,2021,3,False,2,8,54,0,0,47,14.81,True,False,caught,JM Bairstow,278,10,0.0288,False,,England,loss,,2021,48.8,47.9,45.52238805970149,42.01030927835052,91.74828323764494,32.31578947368421,0.0,34.3125,50.2,8.3
1239546,tests_male_json.zip,2021-09-02,Test,India,England,"Kennington Oval, London",London,India tour of England,2021,1,False,2,17,44,3,0,37,38.64,True,False,lbw,,191,10,0.089,False,,India,win,,2021,33.6,42.6,44.680851063829785,41.83589743589744,91.28342844354928,31.692307692307693,,33.90769230769231,50.9,30.6
1239546,tests_male_json.zip,2021-09-02,Test,India,England,"Kennington Oval, London",London,India tour of England,2021,3,False,2,46,101,6,1,81,45.54,True,False,caught,JM Bairstow,466,10,0.0987,False,,India,win,,2021,31.8,43.9,41.62303664921466,41.70918367346939,91.02549827413429,31.325,17.0,33.65151515151515,47.7,46.7
1254111,ipl_male_json.zip,2021-09-21,IPL,Punjab Kings,Rajasthan Royals,Dubai International Cricket Stadium,Dubai,Indian Premier League,2021,2,False,1,49,33,4,2,7,148.48,True,False,caught,Kartik Tyagi,183,4,0.2678,True,186.0,Rajasthan Royals,loss,,2021,15.2,42.5,32.61802575107296,41.73096446700507,90.51970931512882,48.1,49.0,37.69620253164557,52.1,49.0
1254107,ipl_male_json.zip,2021-09-25,IPL,Punjab Kings,Sunrisers Hyderabad,Sharjah Cricket Stadium,Sharjah,Indian Premier League,2021,1,False,1,21,21,3,0,11,100.0,True,False,caught,J Suchith,125,7,0.168,False,,Punjab Kings,win,,2021,24.0,45.5,50.847457627118644,41.76767676767677,90.72956664838179,33.77777777777778,42.0,37.8375,43.3,36.4
1254099,ipl_male_json.zip,2021-09-28,IPL,Punjab Kings,Mumbai Indians,"Zayed Cricket Stadium, Abu Dhabi",Abu Dhabi,Indian Premier League,2021,1,False,1,21,22,2,0,8,95.45,True,False,caught,JJ Bumrah,135,6,0.1556,False,,Mumbai Indians,loss,,2021,28.2,38.5,55.73122529644269,41.663316582914575,90.75087565674255,49.23076923076923,,37.629629629629626,36.9,25.5
1254102,ipl_male_json.zip,2021-10-01,IPL,Punjab Kings,Kolkata Knight Riders,Dubai International Cricket Stadium,Dubai,Indian Premier League,2021,2,False,1,67,55,4,2,13,121.82,True,False,caught,Shivam Mavi,168,5,0.3988,True,166.0,Punjab Kings,win,,2021,30.8,32.2,69.68325791855203,41.56,90.7621751474121,31.6,49.0,37.426829268292686,43.7,71.6
1254090,ipl_male_json.zip,2021-10-03,IPL,Punjab Kings,Royal Challengers Bangalore,Sharjah Cricket Stadium,Sharjah,Indian Premier League,2021,2,False,1,39,35,1,2,11,111.43,True,False,caught,HV Patel,158,6,0.2468,True,165.0,Royal Challengers Bangalore,loss,,2021,40.8,36.3,87.93103448275862,41.6865671641791,90.9475740801042,51.333333333333336,38.5,37.78313253012048,39.6,39.9
1254094,ipl_male_json.zip,2021-10-07,IPL,Punjab Kings,Chennai Super Kings,Dubai International Cricket Stadium,Dubai,Indian Premier League,2021,2,False,1,98,42,7,8,9,233.33,False,True,not out,,139,4,0.705,True,135.0,Punjab Kings,win,,2021,39.4,27.3,118.67469879518072,41.67326732673267,91.02508650519032,33.0,50.8,37.79761904761905,51.7,97.1
1273727,t20s_male_json.zip,2021-10-24,T20I,India,Pakistan,Dubai International Cricket Stadium,Dubai,ICC Men's T20 World Cup,2021/22,1,False,1,3,8,0,0,5,37.5,True,False,bowled,,151,7,0.0199,False,,Pakistan,loss,,2021,49.2,36.6,140.57142857142858,42.15841584158416,91.66846071044134,57.0,55.09090909090909,34.6,51.9,6.1
1273739,t20s_male_json.zip,2021-10-31,T20I,India,New Zealand,Dubai International Cricket Stadium,Dubai,ICC Men's T20 World Cup,2021/22,1,False,1,18,16,3,0,7,112.5,True,False,caught,DJ Mitchell,110,7,0.1636,False,,New Zealand,loss,,2021,45.6,36.9,140.74074074074073,41.96551724137931,91.62185416218541,45.36363636363637,50.75,33.91304347826087,54.5,26.6
1273748,t20s_male_json.zip,2021-11-05,T20I,India,Scotland,Dubai International Cricket Stadium,Dubai,ICC Men's T20 World Cup,2021/22,2,False,1,50,19,6,3,3,263.16,True,False,caught,CS MacLeod,89,2,0.5618,True,86.0,India,win,,2021,45.0,37.9,144.23076923076923,41.84803921568628,91.65771956194976,,48.23076923076923,33.57446808510638,62.9,75.5
1273753,t20s_male_json.zip,2021-11-08,T20I,India,Namibia,Dubai International Cricket Stadium,Dubai,ICC Men's T20 World Cup,2021/22,2,False,1,54,36,4,2,7,150.0,False,True,not out,,136,1,0.3971,True,133.0,India,win,,2021,41.6,41.2,173.33333333333334,41.88780487804878,92.00685738776386,,48.357142857142854,33.916666666666664,69.8,69.2
1278671,t20s_male_json.zip,2021-11-17,T20I,India,New Zealand,"Sawai Mansingh Stadium, Jaipur",Jaipur,New Zealand tour of India,2021/22,2,False,1,15,14,1,1,8,107.14,True,False,caught,MS Chapman,166,5,0.0904,True,165.0,India,win,,2021,44.6,42.0,184.29752066115702,42.15121951219512,92.22969367061586,43.083333333333336,,34.326530612244895,65.2,31.8
1278672,t20s_male_json.zip,2021-11-19,T20I,India,New Zealand,"JSCA International Stadium Complex, Ranchi",Ranchi,New Zealand tour of India,2021/22,2,False,1,65,49,6,2,15,132.65,True,False,caught,GD Phillips,155,3,0.4194,True,154.0,India,win,,2021,28.0,38.6,150.53763440860214,42.019417475728154,92.25194500692743,40.92307692307692,,33.94,71.6,73.2
1277079,tests_male_json.zip,2021-12-26,Test,India,South Africa,"SuperSport Park, Centurion",Centurion,India tour of South Africa,2021/22,1,False,1,123,260,17,1,197,47.31,True,False,caught,Q de Kock,327,10,0.3761,False,,India,win,,2021,40.4,43.0,150.7462686567164,42.130434782608695,92.4618320610687,11.2,,33.83582089552239,73.2,86.5
1277079,tests_male_json.zip,2021-12-26,Test,India,South Africa,"SuperSport Park, Centurion",Centurion,India tour of South Africa,2021/22,3,False,1,23,74,4,0,66,31.08,True,False,caught,D Elgar,174,10,0.1322,False,,India,win,,2021,61.4,53.2,81.21693121693121,42.51923076923077,91.25051588939331,29.833333333333332,123.0,35.14705882352941,65.0,33.2
1277080,tests_male_json.zip,2022-01-03,Test,India,South Africa,"The Wanderers Stadium, Johannesburg",Johannesburg,India tour of South Africa,2021/22,1,False,1,50,133,9,0,112,37.59,True,False,caught,K Rabada,202,10,0.2475,False,,South Africa,loss,,2022,56.0,48.8,64.66512702078522,42.42583732057416,90.79459348761007,28.857142857142858,,34.971014492753625,65.3,44.5
1277080,tests_male_json.zip,2022-01-03,Test,India,South Africa,"The Wanderers Stadium, Johannesburg",Johannesburg,India tour of South Africa,2021/22,3,False,1,8,21,1,0,17,38.1,True,False,caught,AK Markram,266,10,0.0301,False,,South Africa,loss,,2022,55.2,49.9,52.075471698113205,42.46190476190476,90.07980604101424,31.5,50.0,35.18571428571428,54.4,14.0
1277081,tests_male_json.zip,2022-01-11,Test,India,South Africa,"Newlands, Cape Town",Cape Town,India tour of South Africa,2021/22,1,False,1,12,35,1,0,28,34.29,True,False,caught,K Verreynne,223,10,0.0538,False,,South Africa,loss,,2022,53.8,40.9,50.093109869646185,42.29857819905213,89.96975806451613,28.88888888888889,,34.80281690140845,54.8,15.9
1277081,tests_male_json.zip,2022-01-11,Test,India,South Africa,"Newlands, Cape Town",Cape Town,India tour of South Africa,2021/22,3,False,1,10,22,2,0,19,45.45,True,False,caught,AK Markram,198,10,0.0505,False,,South Africa,loss,,2022,43.2,41.8,41.30019120458891,42.155660377358494,89.7739829231542,27.2,12.0,34.486111111111114,53.9,17.5
1277082,odis_male_json.zip,2022-01-19,ODI,India,South Africa,"Boland Park, Paarl",Paarl,India tour of South Africa,2021/22,2,False,1,12,17,0,0,8,70.59,True,False,caught,Q de Kock,265,8,0.0453,True,297.0,South Africa,loss,,2022,20.6,41.0,36.14035087719298,42.00469483568075,89.676255387391,25.636363636363637,,40.542857142857144,47.0,17.7
1277083,odis_male_json.zip,2022-01-21,ODI,India,South Africa,"Boland Park, Paarl",Paarl,India tour of South Africa,2021/22,1,False,1,55,79,4,0,37,69.62,True,False,caught,HE van der Dussen,287,6,0.1916,False,,South Africa,loss,,2022,18.4,37.2,40.35087719298246,41.86448598130841,89.64378627176306,24.5,12.0,39.75,46.5,45.7
1277084,odis_male_json.zip,2022-01-23,ODI,India,South Africa,"Newlands, Cape Town",Cape Town,India tour of South Africa,2021/22,2,False,1,9,10,2,0,7,90.0,True,False,caught,JN Malan,283,10,0.0318,True,288.0,South Africa,loss,,2022,19.4,37.3,55.747126436781606,41.925581395348836,89.48674674873423,26.846153846153847,11.0,40.16216216216216,46.0,18.7
1278677,odis_male_json.zip,2022-02-09,ODI,India,West Indies,"Narendra Modi Stadium, Ahmedabad",Ahmedabad,West Indies tour of India,2021/22,1,False,4,49,48,4,2,23,102.08,True,False,run out,SD Hope,237,9,0.2068,False,,India,win,,2022,19.6,36.7,60.122699386503065,41.773148148148145,89.48725577705048,43.63636363636363,55.0,39.3421052631579,43.2,56.4
1304050,ipl_male_json.zip,2022-03-28,IPL,Lucknow Super Giants,Gujarat Titans,"Wankhede Stadium, Mumbai",Mumbai,Indian Premier League,2022,1,False,1,0,1,0,0,1,0.0,True,False,caught,MS Wade,158,6,0.0,False,,Gujarat Titans,loss,,2022,27.0,35.1,76.70454545454545,41.806451612903224,89.54693514954101,,52.333333333333336,38.50588235294118,33.7,0.0
1304053,ipl_male_json.zip,2022-03-31,IPL,Lucknow Super Giants,Chennai Super Kings,"Brabourne Stadium, Mumbai",Mumbai,Indian Premier League,2022,2,False,1,40,26,2,3,9,153.85,True,False,caught,AT Rayudu,211,4,0.1896,True,211.0,Lucknow Super Giants,win,,2022,25.0,22.8,80.64516129032258,41.61467889908257,89.53809711804185,39.5,,38.05813953488372,38.4,52.4
1304058,ipl_male_json.zip,2022-04-04,IPL,Lucknow Super Giants,Sunrisers Hyderabad,"Dr DY Patil Sports Academy, Mumbai",Mumbai,Indian Premier League,2022,1,False,1,68,50,6,1,12,136.0,True,False,lbw,,169,7,0.4024,False,,Lucknow Super Giants,win,,2022,30.6,24.5,93.29268292682927,41.60730593607306,89.70269738137429,32.5,,38.08045977011494,43.0,73.6
1304061,ipl_male_json.zip,2022-04-07,IPL,Lucknow Super Giants,Delhi Capitals,"Dr DY Patil Sports Academy, Mumbai",Mumbai,Indian Premier League,2022,2,False,1,24,25,1,1,10,96.0,True,False,caught,PP Shaw,155,4,0.1548,True,150.0,Lucknow Super Giants,win,,2022,33.2,26.3,122.96296296296296,41.72727272727273,89.9294670846395,24.8,68.0,38.42045454545455,44.8,36.8
1304066,ipl_male_json.zip,2022-04-10,IPL,Lucknow Super Giants,Rajasthan Royals,"Wankhede Stadium, Mumbai",Mumbai,Indian Premier League,2022,2,False,1,0,1,0,0,1,0.0,True,False,bowled,,162,8,0.0,True,166.0,Rajasthan Royals,loss,,2022,36.2,27.9,120.66666666666667,41.64705882352941,89.94429785986515,48.18181818181818,39.25,38.258426966292134,45.0,0.0
1304072,ipl_male_json.zip,2022-04-16,IPL,Lucknow Super Giants,Mumbai Indians,"Brabourne Stadium, Mumbai",Mumbai,Indian Premier League,2022,1,False,1,103,60,9,5,14,171.67,False,True,not out,,199,4,0.5176,False,,Lucknow Super Giants,win,,2022,26.4,26.7,128.15533980582524,41.45945945945946,89.93550908735587,47.214285714285715,40.0,37.833333333333336,56.6,97.6
1304077,ipl_male_json.zip,2022-04-19,IPL,Lucknow Super Giants,Royal Challengers Bangalore,"Dr DY Patil Sports Academy, Mumbai",Mumbai,Indian Premier League,2022,2,False,2,30,24,3,1,9,125.0,True,False,caught,KD Karthik,163,8,0.184,True,182.0,Royal Challengers Bangalore,loss,,2022,47.0,36.0,145.06172839506172,41.92342342342342,90.41189042160482,50.1,46.0,38.54945054945055,60.3,34.7
1304083,ipl_male_json.zip,2022-04-24,IPL,Lucknow Super Giants,Mumbai Indians,"Wankhede Stadium, Mumbai",Mumbai,Indian Premier League,2022,1,False,2,103,62,12,4,19,166.13,False,True,not out,,168,6,0.6131,False,,Lucknow Super Giants,win,,2022,45.0,37.8,140.625,41.869955156950674,90.4923434774181,50.93333333333333,31.4,38.45652173913044,66.6,97.0
1304088,ipl_male_json.zip,2022-04-29,IPL,Lucknow Super Giants,Punjab Kings,"Maharashtra Cricket Association Stadium, Pune",Pune,Indian Premier League,2022,1,False,2,6,11,1,0,8,54.55,True,False,caught,JM Sharma,153,8,0.0392,False,,Lucknow Super Giants,win,,2022,52.0,42.6,151.1627906976744,42.33183856502242,90.94412331406551,,,39.1505376344086,66.1,19.9
1304091,ipl_male_json.zip,2022-05-01,IPL,Lucknow Super Giants,Delhi Capitals,"Wankhede Stadium, Mumbai",Mumbai,Indian Premier League,2022,1,False,2,77,51,4,5,11,150.98,True,False,caught,Lalit Yadav,195,3,0.3949,False,,Lucknow Super Giants,win,,2022,48.4,42.3,153.16455696202533,42.169642857142854,90.9055913771533,24.666666666666668,43.333333333333336,38.797872340425535,70.5,78.9
1304099,ipl_male_json.zip,2022-05-07,IPL,Lucknow Super Giants,Kolkata Knight Riders,"Maharashtra Cricket Association Stadium, Pune",Pune,Indian Premier League,2022,1,False,2,0,0,0,0,0,0.0,True,False,run out,SS Iyer,176,7,0.0,False,,Lucknow Super Giants,win,,2022,63.8,45.1,153.3653846153846,42.324444444444445,91.19900402221796,34.81818181818182,6.0,39.2,70.6,10.0
1304103,ipl_male_json.zip,2022-05-10,IPL,Lucknow Super Giants,Gujarat Titans,"Maharashtra Cricket Association Stadium, Pune",Pune,Indian Premier League,2022,2,False,2,8,16,1,0,11,50.0,True,False,caught,WP Saha,82,10,0.0976,True,145.0,Gujarat Titans,loss,,2022,43.2,45.1,145.94594594594594,42.13716814159292,91.19900402221796,0.0,3.0,38.791666666666664,65.5,12.6
1304109,ipl_male_json.zip,2022-05-15,IPL,Lucknow Super Giants,Rajasthan Royals,"Brabourne Stadium, Mumbai",Mumbai,Indian Premier League,2022,2,False,2,10,19,0,1,14,52.63,True,False,caught,YBK Jaiswal,154,8,0.0649,True,179.0,Rajasthan Royals,loss,,2022,38.8,41.9,138.57142857142858,41.986784140969164,91.13597246127367,44.166666666666664,71.5,38.47422680412371,57.4,12.5
1304112,ipl_male_json.zip,2022-05-18,IPL,Lucknow Super Giants,Kolkata Knight Riders,"Dr DY Patil Sports Academy, Mumbai",Navi Mumbai,Indian Premier League,2022,1,False,2,68,51,3,4,15,133.33,False,True,not out,,210,0,0.3238,False,,Lucknow Super Giants,win,,2022,20.2,36.1,104.12371134020619,41.84649122807018,91.06614488880405,31.916666666666668,40.666666666666664,38.183673469387756,64.2,70.2
1312198,ipl_male_json.zip,2022-05-25,IPL,Lucknow Super Giants,Royal Challengers Bangalore,"Eden Gardens, Kolkata",Kolkata,Indian Premier League,2022,2,False,2,79,58,3,5,17,136.21,True,False,caught,Shahbaz Ahmed,193,6,0.4093,True,208.0,Royal Challengers Bangalore,loss,,2022,32.6,40.5,118.97810218978103,42.14473684210526,91.27089665653494,48.27272727272727,,38.484848484848484,72.8,68.9
1325550,odis_male_json.zip,2022-08-20,ODI,India,Zimbabwe,Harare Sports Club,Harare,India tour of Zimbabwe,2022,2,False,2,1,5,0,0,4,20.0,True,False,lbw,,167,5,0.006,True,162.0,India,win,,2022,33.0,48.4,114.58333333333333,42.30567685589519,91.51709805403362,44.166666666666664,44.166666666666664,39.58974358974359,61.5,13.7
1325551,odis_male_json.zip,2022-08-22,ODI,India,Zimbabwe,Harare Sports Club,Harare,India tour of Zimbabwe,2022,1,False,2,30,46,1,1,28,65.22,True,False,bowled,,289,8,0.1038,False,,India,win,,2022,33.2,38.2,111.40939597315436,42.12608695652174,91.4833349069965,38.0,38.0,38.625,60.0,38.3
1327270,t20s_male_json.zip,2022-08-28,T20I,India,Pakistan,Dubai International Cricket Stadium,Dubai,Asia Cup,2022,2,False,2,0,1,0,0,1,0.0,True,False,bowled,,148,5,0.0,True,148.0,India,win,,2022,37.6,38.2,105.02793296089385,42.073593073593074,91.36974710914731,30.0,48.733333333333334,34.549019607843135,48.5,10.0
1327272,t20s_male_json.zip,2022-08-31,T20I,India,Hong Kong,Dubai International Cricket Stadium,Dubai,Asia Cup,2022,1,False,1,36,39,0,2,16,92.31,True,False,caught,SS McKechnie,192,2,0.1875,False,,India,win,,2022,35.6,27.9,110.55900621118012,41.89224137931034,91.36115811242715,,45.6875,33.88461538461539,52.5,44.5
1327276,t20s_male_json.zip,2022-09-04,T20I,India,Pakistan,Dubai International Cricket Stadium,Dubai,Asia Cup,2022,1,False,1,28,20,1,2,7,140.0,True,False,caught,Mohammad Nawaz,181,7,0.1547,False,,Pakistan,loss,,2022,29.2,30.9,97.98657718120805,41.86695278969957,91.36461552870657,20.0,45.11764705882353,33.924528301886795,45.2,33.7
1327277,t20s_male_json.zip,2022-09-06,T20I,India,Sri Lanka,Dubai International Cricket Stadium,Dubai,Asia Cup,2022,1,False,1,6,7,1,0,4,85.71,True,False,lbw,,173,8,0.0347,False,,Sri Lanka,loss,,2022,19.0,26.0,85.58558558558559,41.80769230769231,91.45554828456577,35.81818181818182,44.166666666666664,33.81481481481482,45.6,13.2
1327503,t20s_male_json.zip,2022-09-20,T20I,India,Australia,"Punjab Cricket Association IS Bindra Stadium, Mohali, Chandigarh",Chandigarh,Australia tour of India,2022,1,False,1,55,35,4,3,9,157.14,True,False,caught,NT Ellis,208,6,0.2644,False,,Australia,loss,,2022,20.0,26.6,88.49557522123894,41.65531914893617,91.45179372197309,34.225806451612904,,33.30909090909091,53.7,55.1
1327504,t20s_male_json.zip,2022-09-23,T20I,India,Australia,"Vidarbha Cricket Association Stadium, Jamtha, Nagpur",Nagpur,Australia tour of India,2022,2,False,1,10,6,0,1,2,166.67,True,False,bowled,,92,4,0.1087,True,91.0,India,win,,2022,25.0,31.3,122.54901960784314,41.71186440677966,91.66589067883416,34.875,,33.69642857142857,54.6,36.6
1327505,t20s_male_json.zip,2022-09-25,T20I,India,Australia,"Rajiv Gandhi International Stadium, Uppal, Hyderabad",Hyderabad,Australia tour of India,2022,2,False,1,1,4,0,0,3,25.0,True,False,caught,MS Wade,187,4,0.0053,True,187.0,India,win,,2022,27.0,31.3,126.16822429906541,41.57805907172996,91.70777105630525,34.121212121212125,,33.280701754385966,46.1,13.3
1327506,t20s_male_json.zip,2022-09-28,T20I,India,South Africa,"Greenfield International Stadium, Thiruvananthapuram",Thiruvananthapuram,South Africa tour of India,2022/23,2,False,1,51,56,2,4,33,91.07,False,True,not out,,110,2,0.4636,True,107.0,India,win,,2022,20.0,24.6,138.88888888888889,41.40756302521008,91.68294725090706,25.571428571428573,,32.724137931034484,42.9,64.2
1327507,t20s_male_json.zip,2022-10-02,T20I,India,South Africa,"Barsapara Cricket Stadium, Guwahati",Guwahati,South Africa tour of India,2022/23,1,False,1,57,28,5,4,6,203.57,True,False,lbw,,237,3,0.2405,False,,India,win,,2022,24.6,21.8,113.88888888888889,41.621848739495796,91.67977788061083,27.266666666666666,,33.03389830508475,52.1,68.3
1298150,t20s_male_json.zip,2022-10-23,T20I,India,Pakistan,Melbourne Cricket Ground,Melbourne,ICC Men's T20 World Cup,2022/23,2,False,1,4,8,0,0,5,50.0,True,False,bowled,,160,6,0.025,True,160.0,India,win,,2022,34.8,27.4,134.88372093023256,41.68619246861925,91.96898366103572,22.0,2.0,33.43333333333333,49.7,18.1
1298157,t20s_male_json.zip,2022-10-27,T20I,India,Netherlands,Sydney Cricket Ground,Sydney,ICC Men's T20 World Cup,2022/23,1,False,1,9,12,1,0,8,75.0,True,False,lbw,,179,2,0.0503,False,,India,win,,2022,24.6,24.8,120.58823529411765,41.52916666666667,91.93801309842266,,33.375,32.950819672131146,50.1,24.1
1298164,t20s_male_json.zip,2022-10-30,T20I,India,South Africa,Perth Stadium,Perth,ICC Men's T20 World Cup,2022/23,1,False,1,9,14,0,1,10,64.29,True,False,caught,AK Markram,133,9,0.0677,False,,South Africa,loss,,2022,24.4,25.7,112.96296296296296,41.3941908713693,91.91928499032525,29.125,1.0,32.564516129032256,46.6,13.6
1298169,t20s_male_json.zip,2022-11-02,T20I,India,Bangladesh,Adelaide Oval,Adelaide,ICC Men's T20 World Cup,2022/23,1,False,1,50,32,3,4,14,156.25,True,False,caught,Mustafizur Rahman,184,6,0.2717,False,,India,win,D/L,2022,26.0,23.0,110.16949152542372,41.260330578512395,91.88368454955369,26.857142857142858,23.0,32.19047619047619,51.9,63.0
1298176,t20s_male_json.zip,2022-11-06,T20I,India,Zimbabwe,Melbourne Cricket Ground,Melbourne,ICC Men's T20 World Cup,2022/23,1,False,1,51,35,3,3,11,145.71,True,False,caught,WP Masakadza,186,5,0.2742,False,,India,win,,2022,25.8,25.2,137.2340425531915,41.2962962962963,92.07266721717589,37.0,2.6666666666666665,32.46875,59.0,62.5
1298178,t20s_male_json.zip,2022-11-10,T20I,India,England,Adelaide Oval,Adelaide,ICC Men's T20 World Cup,2022/23,1,False,1,5,5,1,0,3,100.0,True,False,caught,JC Buttler,168,6,0.0298,False,,England,loss,,2022,24.6,29.7,121.78217821782178,41.33606557377049,92.24437534296689,31.682926829268293,32.0,32.753846153846155,51.5,14.1
1340845,odis_male_json.zip,2022-12-04,ODI,India,Bangladesh,"Shere Bangla National Stadium, Mirpur",Dhaka,India tour of Bangladesh,2022/23,1,False,5,73,70,5,4,33,104.29,True,False,caught,Anamul Haque,186,10,0.3925,False,,Bangladesh,loss,,2022,24.8,24.7,126.53061224489795,41.18775510204082,92.24792028521803,29.75,,38.41463414634146,57.6,67.0
1340846,odis_male_json.zip,2022-12-07,ODI,India,Bangladesh,"Shere Bangla National Stadium, Mirpur",Dhaka,India tour of Bangladesh,2022/23,2,False,5,14,28,0,0,18,50.0,True,False,lbw,,266,9,0.0526,True,272.0,Bangladesh,loss,,2022,37.6,31.0,120.51282051282051,41.31707317073171,92.32446180397856,34.55555555555556,73.0,39.23809523809524,57.6,15.8
1340847,odis_male_json.zip,2022-12-10,ODI,India,Bangladesh,"Zahur Ahmed Chowdhury Stadium, Chattogram",Chattogram,India tour of Bangladesh,2022/23,1,False,5,8,10,1,0,6,80.0,True,False,bowled,,409,8,0.0196,False,,India,win,,2022,38.6,32.3,113.52941176470588,41.20647773279352,92.21708797680529,32.5,,38.651162790697676,52.0,26.2
1340848,tests_male_json.zip,2022-12-14,Test,India,Bangladesh,"Zahur Ahmed Chowdhury Stadium, Chattogram",Chattogram,India tour of Bangladesh,2022/23,1,False,1,22,54,3,0,42,40.74,True,False,bowled,,404,10,0.0545,False,,India,win,,2022,30.2,28.0,102.02702702702703,41.07258064516129,92.20602878609577,30.272727272727273,8.0,34.15068493150685,42.4,32.0
1340848,tests_male_json.zip,2022-12-14,Test,India,Bangladesh,"Zahur Ahmed Chowdhury Stadium, Chattogram",Chattogram,India tour of Bangladesh,2022/23,3,False,1,23,62,3,0,49,37.1,True,False,caught,Taijul Islam,258,2,0.0891,False,,India,win,,2022,24.4,24.5,73.05389221556887,40.99598393574297,91.95567966849833,29.583333333333332,15.0,33.986486486486484,42.2,32.9
1340849,tests_male_json.zip,2022-12-22,Test,India,Bangladesh,"Shere Bangla National Stadium, Mirpur",Dhaka,India tour of Bangladesh,2022/23,2,False,1,10,45,1,0,38,22.22,True,False,lbw,,314,10,0.0318,False,,India,win,,2022,28.0,26.4,62.5,40.924,91.65098987727313,29.076923076923077,43.5,33.84,41.0,21.2
1340849,tests_male_json.zip,2022-12-22,Test,India,Bangladesh,"Shere Bangla National Stadium, Mirpur",Dhaka,India tour of Bangladesh,2022/23,4,False,2,2,7,0,0,5,28.57,True,False,caught,Nurul Hasan,145,7,0.0138,False,,India,win,,2022,15.4,26.5,38.69346733668342,40.800796812749006,91.3722341184868,27.714285714285715,32.333333333333336,33.526315789473685,40.4,18.4
1348643,odis_male_json.zip,2023-01-10,ODI,India,Sri Lanka,"Barsapara Cricket Stadium, Guwahati",Guwahati,Sri Lanka tour of India,2022/23,1,False,5,39,29,4,1,8,134.48,True,False,bowled,,373,7,0.1046,False,,India,win,,2023,13.0,25.8,36.51685393258427,40.6468253968254,91.33303611234953,34.52173913043478,57.0,37.95454545454545,37.9,52.7
1348644,odis_male_json.zip,2023-01-12,ODI,India,Sri Lanka,"Eden Gardens, Kolkata",Kolkata,Sri Lanka tour of India,2022/23,2,False,5,64,103,6,0,60,62.14,False,True,not out,,219,6,0.2922,True,216.0,India,win,,2023,19.2,24.7,48.73096446700507,40.640316205533594,91.44432586268232,34.708333333333336,79.0,37.977777777777774,37.1,62.7
1348645,odis_male_json.zip,2023-01-15,ODI,India,Sri Lanka,"Greenfield International Stadium, Thiruvananthapuram",Thiruvananthapuram,Sri Lanka tour of India,2022/23,1,False,5,7,6,1,0,2,116.67,True,False,caught,DN Wellalage,390,5,0.0179,False,,India,win,,2023,27.6,26.0,56.09756097560975,40.89328063241107,91.17828500925354,35.88,51.0,38.54347826086956,37.3,31.2
1348652,tests_male_json.zip,2023-02-09,Test,India,Australia,"Vidarbha Cricket Association Stadium, Jamtha, Nagpur",Nagpur,Australia tour of India,2022/23,2,False,2,20,71,1,0,57,28.17,True,False,caught and bowled,,400,10,0.05,False,,India,win,,2023,24.4,26.2,64.21052631578948,40.75984251968504,91.19175548313221,33.14705882352941,10.0,33.116883116883116,28.9,27.8
1348653,tests_male_json.zip,2023-02-17,Test,India,Australia,"Arun Jaitley Stadium, Delhi",Delhi,Australia tour of India,2022/23,2,False,2,17,41,0,1,30,41.46,True,False,lbw,,262,10,0.0649,False,,India,win,,2023,26.4,20.9,61.111111111111114,40.67843137254902,90.8000700280112,32.77142857142857,,32.94871794871795,29.0,30.3
1348653,tests_male_json.zip,2023-02-17,Test,India,Australia,"Arun Jaitley Stadium, Delhi",Delhi,Australia tour of India,2022/23,4,False,2,1,3,0,0,2,33.33,True,False,caught,AT Carey,118,4,0.0085,False,,India,win,,2023,29.4,21.2,58.8,40.5859375,90.62363715656345,32.333333333333336,17.0,32.74683544303797,28.3,18.9
1348656,odis_male_json.zip,2023-03-17,ODI,India,Australia,"Wankhede Stadium, Mumbai",Mumbai,Australia tour of India,2022/23,2,False,5,75,91,7,1,45,82.42,False,True,not out,,191,5,0.3927,True,189.0,India,win,,2023,21.8,20.5,48.660714285714285,40.431906614785994,90.60865015695849,31.486486486486488,48.142857142857146,37.87234042553192,35.8,74.7
1348657,odis_male_json.zip,2023-03-19,ODI,India,Australia,"Dr. Y.S. Rajasekhara Reddy ACA-VDCA Cricket Stadium, Visakhapatnam",Visakhapatnam,Australia tour of India,2022/23,1,False,5,9,12,1,0,8,75.0,True,False,lbw,,117,10,0.0769,False,,Australia,loss,,2023,24.0,25.8,56.60377358490566,40.72373540856031,90.5441647201315,32.63157894736842,,38.645833333333336,35.4,18.2
1348658,odis_male_json.zip,2023-03-22,ODI,India,Australia,"MA Chidambaram Stadium, Chepauk, Chennai",Chennai,Australia tour of India,2022/23,2,False,4,32,50,2,1,30,64.0,True,False,caught,SA Abbott,248,10,0.129,True,270.0,Australia,loss,,2023,24.4,24.4,55.96330275229358,40.60077519379845,90.52804424855242,32.02564102564103,32.0,38.04081632653061,39.6,30.0
1359477,ipl_male_json.zip,2023-04-01,IPL,Lucknow Super Giants,Delhi Capitals,"Bharat Ratna Shri Atal Bihari Vajpayee Ekana Cricket Stadium, Lucknow",Lucknow,Indian Premier League,2023,1,False,1,8,12,0,1,9,66.67,True,False,caught,AR Patel,193,6,0.0415,False,,Lucknow Super Giants,win,,2023,26.8,26.6,68.02030456852792,40.567567567567565,90.41390586008089,32.142857142857146,,38.89,40.2,22.1
1359480,ipl_male_json.zip,2023-04-03,IPL,Lucknow Super Giants,Chennai Super Kings,"MA Chidambaram Stadium, Chepauk, Chennai",Chennai,Indian Premier League,2023,2,False,1,20,18,2,0,7,111.11,True,False,caught,RD Gaikwad,205,7,0.0976,True,218.0,Chennai Super Kings,loss,,2023,25.0,27.2,74.4047619047619,40.44230769230769,90.38940943866587,39.54545454545455,32.0,38.584158415841586,36.5,24.3
1359484,ipl_male_json.zip,2023-04-07,IPL,Lucknow Super Giants,Sunrisers Hyderabad,"Bharat Ratna Shri Atal Bihari Vajpayee Ekana Cricket Stadium, Lucknow",Lucknow,Indian Premier League,2023,2,False,2,35,31,4,0,11,112.9,True,False,lbw,,127,5,0.2756,True,122.0,Lucknow Super Giants,win,,2023,28.8,25.3,78.68852459016394,40.3639846743295,90.42142305381512,35.72727272727273,8.0,38.40196078431372,34.3,49.4
1359489,ipl_male_json.zip,2023-04-10,IPL,Lucknow Super Giants,Royal Challengers Bangalore,"M Chinnaswamy Stadium, Bengaluru",Bengaluru,Indian Premier League,2023,2,False,2,18,20,1,0,5,90.0,True,False,caught,V Kohli,213,9,0.0845,True,213.0,Lucknow Super Giants,win,,2023,20.8,22.4,84.55284552845528,40.343511450381676,90.48108200650573,50.833333333333336,,38.36893203883495,35.2,30.7
1359495,ipl_male_json.zip,2023-04-15,IPL,Lucknow Super Giants,Punjab Kings,"Bharat Ratna Shri Atal Bihari Vajpayee Ekana Cricket Stadium, Lucknow",Lucknow,Indian Premier League,2023,1,False,1,74,56,8,1,16,132.14,True,False,caught,NT Ellis,159,8,0.4654,False,,Punjab Kings,loss,,2023,22.6,23.5,86.25954198473282,40.258555133079845,90.48025978465219,6.0,21.5,38.17307692307692,44.7,68.5
1359500,ipl_male_json.zip,2023-04-19,IPL,Lucknow Super Giants,Rajasthan Royals,"Sawai Mansingh Stadium, Jaipur",Jaipur,Indian Premier League,2023,1,False,1,39,32,4,1,14,121.88,True,False,caught,JC Buttler,154,7,0.2532,False,,Lucknow Super Giants,win,,2023,31.0,28.9,113.13868613138686,40.38636363636363,90.67868685150536,41.53846153846154,15.0,38.51428571428571,49.7,51.2
1359504,ipl_male_json.zip,2023-04-22,IPL,Lucknow Super Giants,Gujarat Titans,"Bharat Ratna Shri Atal Bihari Vajpayee Ekana Cricket Stadium, Lucknow",Lucknow,Indian Premier League,2023,2,False,1,68,61,8,0,22,111.48,True,False,caught,J Yadav,128,7,0.5312,True,136.0,Gujarat Titans,loss,,2023,37.2,31.1,118.47133757961784,40.3811320754717,90.76335877862596,4.0,39.0,38.5188679245283,57.9,65.0
1359512,ipl_male_json.zip,2023-04-28,IPL,Lucknow Super Giants,Punjab Kings,"Punjab Cricket Association IS Bindra Stadium, Mohali, Chandigarh",Chandigarh,Indian Premier League,2023,1,False,1,12,9,1,1,5,133.33,True,False,caught,M Shahrukh Khan,257,5,0.0467,False,,Lucknow Super Giants,win,,2023,46.8,37.8,117.0,40.484962406015036,90.869968779006,40.0,55.0,38.794392523364486,51.7,30.9
1359517,ipl_male_json.zip,2023-05-01,IPL,Lucknow Super Giants,Royal Challengers Bangalore,"Bharat Ratna Shri Atal Bihari Vajpayee Ekana Cricket Stadium, Lucknow",Lucknow,Indian Premier League,2023,2,False,11,0,3,0,0,3,0.0,False,True,not out,,108,10,0.0,True,127.0,Royal Challengers Bangalore,loss,,2023,42.2,31.5,118.53932584269663,40.37827715355805,90.90219224283305,48.30769230769231,46.25,38.5462962962963,51.0,0.0
1388406,odis_male_json.zip,2023-09-10,ODI,India,Pakistan,"R Premadasa Stadium, Colombo",Colombo,Asia Cup,2023,1,False,4,111,106,12,2,47,104.72,False,True,not out,,356,2,0.3118,False,,India,win,,2023,38.6,30.6,119.87577639751552,40.37827715355805,90.87920424850375,18.4,,37.92,57.5,88.0
1388407,odis_male_json.zip,2023-09-12,ODI,India,Sri Lanka,"R Premadasa Stadium, Colombo",Colombo,Asia Cup,2023,1,False,5,39,44,2,0,16,88.64,True,False,caught and bowled,,213,10,0.1831,False,,India,win,,2023,46.0,38.5,109.00473933649289,40.7940074906367,91.0017545325424,34.76923076923077,111.0,39.35294117647059,61.4,49.0
1388412,odis_male_json.zip,2023-09-15,ODI,India,Bangladesh,"R Premadasa Stadium, Colombo",Colombo,Asia Cup,2023,2,False,4,19,39,2,0,26,48.72,True,False,caught,Shamim Hossain,259,10,0.0734,True,266.0,Bangladesh,loss,,2023,46.0,41.6,103.1390134529148,40.78731343283582,90.9930908182802,26.0,75.0,39.34615384615385,60.3,18.7
1389388,odis_male_json.zip,2023-09-22,ODI,India,Australia,"Punjab Cricket Association IS Bindra Stadium, Mohali, Chandigarh",Chandigarh,Australia tour of India,2023/24,2,False,4,58,63,4,1,25,92.06,False,True,not out,,281,5,0.2064,True,277.0,India,win,,2023,36.2,41.5,90.04975124378109,40.70631970260223,90.85628941254564,32.025,33.5,38.9622641509434,62.9,61.0
1389389,odis_male_json.zip,2023-09-24,ODI,India,Australia,"Holkar Cricket Stadium, Indore",Indore,Australia tour of India,2023/24,1,False,4,52,38,3,3,10,136.84,True,False,bowled,,399,5,0.1303,False,,India,win,D/L,2023,45.4,43.8,89.01960784313725,40.921933085501855,90.86256706562114,32.65853658536585,,39.31481481481482,69.2,61.6
1389390,odis_male_json.zip,2023-09-27,ODI,India,Australia,"Saurashtra Cricket Association Stadium, Rajkot",Rajkot,Australia tour of India,2023/24,2,False,5,26,30,2,0,12,86.67,True,False,caught,AT Carey,286,10,0.0909,True,353.0,Australia,loss,,2023,55.8,47.2,96.20689655172414,40.96296296296296,91.00633588414382,33.11904761904762,,39.54545454545455,61.9,28.2
1384396,odis_male_json.zip,2023-10-08,ODI,India,Australia,"MA Chidambaram Stadium, Chepauk, Chennai",Chennai,ICC Cricket World Cup,2023/24,2,False,5,97,115,8,2,57,84.35,False,True,not out,,201,4,0.4826,True,200.0,India,win,,2023,38.8,42.4,90.65420560747664,40.90774907749078,90.99564967577773,32.95348837209303,29.0,39.30357142857143,65.9,88.5
1384403,odis_male_json.zip,2023-10-14,ODI,India,Pakistan,"Narendra Modi Stadium, Ahmedabad",Ahmedabad,ICC Cricket World Cup,2023/24,2,False,5,19,29,2,0,17,65.52,False,True,not out,,192,3,0.099,True,192.0,India,win,,2023,50.4,48.2,88.42105263157895,41.26568265682657,90.93348511953164,33.833333333333336,53.0,40.31578947368421,58.7,32.2
1384408,odis_male_json.zip,2023-10-19,ODI,India,Bangladesh,"Maharashtra Cricket Association Stadium, Pune",Pune,ICC Cricket World Cup,2023/24,2,False,5,34,34,3,1,14,100.0,False,True,not out,,261,3,0.1303,True,257.0,India,win,,2023,50.4,43.3,91.63636363636364,41.33579335793358,90.8736918958384,25.5625,4.666666666666667,39.94827586206897,62.1,46.3
1384412,odis_male_json.zip,2023-10-22,ODI,India,New Zealand,"Himachal Pradesh Cricket Association Stadium, Dharamsala",Dharamsala,ICC Cricket World Cup,2023/24,2,False,5,27,35,3,0,18,77.14,True,False,lbw,,274,6,0.0985,True,274.0,India,win,,2023,45.6,45.5,92.6829268292683,41.46125461254613,90.89879459590648,42.642857142857146,,39.847457627118644,63.9,37.5
1384420,odis_male_json.zip,2023-10-29,ODI,India,England,"Bharat Ratna Shri Atal Bihari Vajpayee Ekana Cricket Stadium, Lucknow",Lucknow,ICC Cricket World Cup,2023/24,1,False,5,39,58,3,0,31,67.24,True,False,caught,JM Bairstow,229,9,0.1703,False,,India,win,,2023,40.6,48.2,83.53909465020575,41.408088235294116,90.85995482413682,31.047619047619047,37.0,39.63333333333333,57.7,45.3
1384424,odis_male_json.zip,2023-11-02,ODI,India,Sri Lanka,"Wankhede Stadium, Mumbai",Mumbai,ICC Cricket World Cup,2023/24,1,False,5,21,19,2,0,4,110.53,True,False,caught,MADI Hemantha,357,8,0.0588,False,,India,win,,2023,43.2,41.0,79.70479704797047,41.3992673992674,90.7499598522563,34.925925925925924,51.5,39.622950819672134,54.6,38.2
1384428,odis_male_json.zip,2023-11-05,ODI,India,South Africa,"Eden Gardens, Kolkata",Kolkata,ICC Cricket World Cup,2023/24,1,False,5,8,17,0,0,9,47.06,True,False,caught,HE van der Dussen,326,5,0.0245,False,,India,win,,2023,28.0,39.2,80.0,41.324817518248175,90.7800849835645,27.941176470588236,71.5,39.32258064516129,54.1,21.6
1384436,odis_male_json.zip,2023-11-12,ODI,India,Netherlands,"M Chinnaswamy Stadium, Bengaluru",Bengaluru,ICC Cricket World Cup,2023/24,1,False,5,102,64,11,4,16,159.38,True,False,caught,SA Engelbrecht,410,4,0.2488,False,,India,win,,2023,25.8,38.1,79.14110429447852,41.20363636363636,90.72057646116893,9.0,18.0,38.82539682539682,58.0,90.0
1384437,odis_male_json.zip,2023-11-15,ODI,India,New Zealand,"Wankhede Stadium, Mumbai",Mumbai,ICC Cricket World Cup,2023/24,1,False,5,39,20,5,2,7,195.0,False,True,not out,,397,4,0.0982,False,,India,win,,2023,39.4,42.5,102.07253886010362,41.42391304347826,91.07057511550104,41.6,48.111111111111114,39.8125,55.9,52.5
1384439,odis_male_json.zip,2023-11-19,ODI,India,Australia,"Narendra Modi Stadium, Ahmedabad",Ahmedabad,ICC Cricket World Cup,2023/24,1,False,5,66,107,1,0,49,61.68,True,False,caught,JP Inglis,240,10,0.275,False,,Australia,loss,,2023,41.8,41.2,117.41573033707866,41.56521739130435,91.23588356926993,34.40909090909091,44.5,39.8,60.6,52.8
1387601,odis_male_json.zip,2023-12-19,ODI,India,South Africa,"St George's Park, Gqeberha",Gqeberha,India tour of South Africa,2023/24,1,False,4,56,64,7,0,31,87.5,True,False,caught,DA Miller,211,10,0.2654,False,,South Africa,loss,,2023,47.2,45.2,103.9647577092511,41.65342960288809,90.98651525904897,26.833333333333332,,40.196969696969695,58.7,51.8
1387602,odis_male_json.zip,2023-12-21,ODI,India,South Africa,"Boland Park, Paarl",Paarl,India tour of South Africa,2023/24,1,False,4,21,35,2,0,20,60.0,True,False,caught,H Klaasen,296,8,0.0709,False,,India,win,,2023,54.2,41.1,99.63235294117646,41.70503597122302,90.9690074539035,28.36842105263158,33.5,40.43283582089552,58.7,31.2
1387603,tests_male_json.zip,2023-12-26,Test,India,South Africa,"SuperSport Park, Centurion",Centurion,India tour of South Africa,2023/24,1,False,6,101,137,14,4,100,73.72,True,False,bowled,,245,10,0.4122,False,,South Africa,loss,,2023,56.8,41.3,97.93103448275862,41.630824372759854,90.88419405320813,28.0,73.0,32.35,63.1,84.4
1387603,tests_male_json.zip,2023-12-26,Test,India,South Africa,"SuperSport Park, Centurion",Centurion,India tour of South Africa,2023/24,3,False,6,4,24,1,0,23,16.67,True,False,caught,AK Markram,131,10,0.0305,False,,South Africa,loss,,2023,56.6,48.0,77.96143250688705,41.84285714285714,90.70217542773091,31.476190476190474,82.33333333333333,33.19753086419753,61.1,7.1
1387604,tests_male_json.zip,2024-01-03,Test,India,South Africa,"Newlands, Cape Town",Cape Town,India tour of South Africa,2023/24,2,False,6,8,33,1,0,28,24.24,True,False,caught,K Verreynne,153,10,0.0523,False,,India,win,,2024,49.6,45.7,67.57493188010899,41.70818505338078,90.56487133915464,30.227272727272727,10.333333333333334,32.84146341463415,56.7,21.6
1389399,tests_male_json.zip,2024-01-25,Test,India,England,"Rajiv Gandhi International Stadium, Uppal, Hyderabad",Hyderabad,England tour of India,2023/24,2,False,4,86,123,8,2,74,69.92,True,False,caught,Rehan Ahmed,436,10,0.1972,False,,England,loss,,2024,38.0,42.6,64.84641638225256,41.5886524822695,90.39617696932326,31.232558139534884,1.0,32.54216867469879,63.6,66.5
1389399,tests_male_json.zip,2024-01-25,Test,India,England,"Rajiv Gandhi International Stadium, Uppal, Hyderabad",Hyderabad,England tour of India,2023/24,4,False,4,22,48,3,0,35,45.83,True,False,lbw,,202,10,0.1089,False,,England,loss,,2024,44.0,49.1,62.5,41.745583038869256,90.2038634801863,32.47727272727273,43.5,33.17857142857143,64.3,25.4
1422122,ipl_male_json.zip,2024-03-24,IPL,Lucknow Super Giants,Rajasthan Royals,"Sawai Mansingh Stadium, Jaipur",Jaipur,Indian Premier League,2024,2,False,2,58,44,4,2,12,131.82,True,False,caught,Dhruv Jurel,173,6,0.3353,True,194.0,Rajasthan Royals,loss,,2024,44.2,50.5,60.54794520547945,41.67605633802817,90.04184100418409,41.357142857142854,27.0,38.19266055045872,61.1,56.0
1422129,ipl_male_json.zip,2024-03-30,IPL,Lucknow Super Giants,Punjab Kings,"Bharat Ratna Shri Atal Bihari Vajpayee Ekana Cricket Stadium, Lucknow",Lucknow,Indian Premier League,2024,1,False,2,15,9,1,1,3,166.67,True,False,caught,JM Bairstow,199,8,0.0754,False,,Lucknow Super Giants,win,,2024,35.6,46.1,65.44117647058823,41.733333333333334,90.18121161574038,30.666666666666668,37.333333333333336,38.372727272727275,57.1,36.9
1422133,ipl_male_json.zip,2024-04-02,IPL,Lucknow Super Giants,Royal Challengers Bengaluru,"M Chinnaswamy Stadium, Bengaluru",Bengaluru,Indian Premier League,2024,1,False,2,20,14,0,2,5,142.86,True,False,caught,Mayank Dagar,181,5,0.1105,False,,Lucknow Super Giants,win,,2024,37.8,43.7,73.5408560311284,41.63986013986014,90.2333686922261,,60.0,38.16216216216216,51.3,38.1
1422139,ipl_male_json.zip,2024-04-07,IPL,Lucknow Super Giants,Gujarat Titans,"Bharat Ratna Shri Atal Bihari Vajpayee Ekana Cricket Stadium, Lucknow",Lucknow,Indian Premier League,2024,1,False,2,33,31,3,0,8,106.45,True,False,caught,R Tewatia,163,5,0.2025,False,,Lucknow Super Giants,win,,2024,40.2,39.1,84.45378151260505,41.56445993031359,90.28913109294581,25.333333333333332,34.142857142857146,38.0,48.5,44.9
1426264,ipl_male_json.zip,2024-04-12,IPL,Lucknow Super Giants,Delhi Capitals,"Bharat Ratna Shri Atal Bihari Vajpayee Ekana Cricket Stadium, Lucknow",Lucknow,Indian Premier League,2024,1,False,2,39,22,5,1,5,177.27,True,False,caught,RR Pant,167,7,0.2335,False,,Delhi Capitals,loss,,2024,29.6,36.8,101.36986301369863,41.53472222222222,90.32696518915654,29.125,34.0,37.95575221238938,52.6,46.1
1426266,ipl_male_json.zip,2024-04-14,IPL,Lucknow Super Giants,Kolkata Knight Riders,"Eden Gardens, Kolkata",Kolkata,Indian Premier League,2024,1,False,2,39,27,3,2,8,144.44,True,False,caught,Ramandeep Singh,161,7,0.2422,False,,Kolkata Knight Riders,loss,,2024,33.0,38.6,137.5,41.52595155709343,90.47116471918582,34.69230769230769,50.333333333333336,37.96491228070175,49.0,43.1
1426272,ipl_male_json.zip,2024-04-19,IPL,Lucknow Super Giants,Chennai Super Kings,"Bharat Ratna Shri Atal Bihari Vajpayee Ekana Cricket Stadium, Lucknow",Lucknow,Indian Premier League,2024,2,False,2,82,53,9,3,16,154.72,True,False,caught,RA Jadeja,180,2,0.4556,True,177.0,Lucknow Super Giants,win,,2024,29.2,32.4,141.74757281553397,41.51724137931034,90.58080048149263,37.916666666666664,34.55555555555556,37.97391304347826,59.4,84.0
1426277,ipl_male_json.zip,2024-04-23,IPL,Lucknow Super Giants,Chennai Super Kings,"MA Chidambaram Stadium, Chepauk, Chennai",Chennai,Indian Premier League,2024,2,False,2,16,14,1,1,8,114.29,True,False,caught,RD Gaikwad,213,4,0.0751,True,211.0,Lucknow Super Giants,win,,2024,42.6,40.2,144.89795918367346,41.65635738831615,90.83551892094417,41.30769230769231,42.6,38.35344827586207,61.1,31.9
1426282,ipl_male_json.zip,2024-04-27,IPL,Lucknow Super Giants,Rajasthan Royals,"Bharat Ratna Shri Atal Bihari Vajpayee Ekana Cricket Stadium, Lucknow",Lucknow,Indian Premier League,2024,1,False,2,76,48,8,2,12,158.33,True,False,caught,TA Boult,196,5,0.3878,False,,Rajasthan Royals,loss,,2024,41.8,41.0,142.1768707482993,41.56849315068493,90.860094318437,42.46666666666667,39.3,38.162393162393165,64.4,69.0
1426286,ipl_male_json.zip,2024-04-30,IPL,Lucknow Super Giants,Mumbai Indians,"Bharat Ratna Shri Atal Bihari Vajpayee Ekana Cricket Stadium, Lucknow",Lucknow,Indian Premier League,2024,2,False,1,28,22,3,1,10,127.27,True,False,caught,Mohammad Nabi,145,6,0.1931,True,145.0,Lucknow Super Giants,win,,2024,50.4,40.0,153.65853658536585,41.68600682593857,91.10166331021108,54.1875,42.63636363636363,38.483050847457626,67.1,43.4
1426292,ipl_male_json.zip,2024-05-05,IPL,Lucknow Super Giants,Kolkata Knight Riders,"Bharat Ratna Shri Atal Bihari Vajpayee Ekana Cricket Stadium, Lucknow",Lucknow,Indian Premier League,2024,2,False,1,25,21,3,0,7,119.05,True,False,caught,Ramandeep Singh,137,10,0.1825,True,236.0,Kolkata Knight Riders,loss,,2024,48.2,40.6,146.9512195121951,41.63945578231292,91.16092039615758,35.0,41.416666666666664,38.39495798319328,61.6,30.8
1426295,ipl_male_json.zip,2024-05-08,IPL,Lucknow Super Giants,Sunrisers Hyderabad,"Rajiv Gandhi International Stadium, Uppal, Hyderabad",Hyderabad,Indian Premier League,2024,1,False,1,29,33,1,1,15,87.88,True,False,caught,T Natarajan,165,4,0.1758,False,,Sunrisers Hyderabad,loss,,2024,45.4,37.3,143.67088607594937,41.58305084745763,91.20446096654275,35.666666666666664,36.333333333333336,38.28333333333333,61.4,29.1
1426302,ipl_male_json.zip,2024-05-14,IPL,Lucknow Super Giants,Delhi Capitals,"Arun Jaitley Stadium, Delhi",Delhi,Indian Premier League,2024,2,False,2,5,3,1,0,1,166.67,True,False,caught,Mukesh Kumar,189,9,0.0265,True,209.0,Delhi Capitals,loss,,2024,34.8,38.7,126.08695652173913,41.54054054054054,91.19632129348068,30.22222222222222,9.0,38.20661157024794,60.3,20.4
1426305,ipl_male_json.zip,2024-05-17,IPL,Lucknow Super Giants,Mumbai Indians,"Wankhede Stadium, Mumbai",Mumbai,Indian Premier League,2024,1,False,1,55,41,3,3,13,134.15,True,False,caught,N Thushara,214,6,0.257,False,,Lucknow Super Giants,win,,2024,32.6,37.2,128.3464566929134,41.417508417508415,91.21310989173959,52.64705882352941,47.2,37.9344262295082,63.6,61.8
1442990,odis_male_json.zip,2024-08-02,ODI,India,Sri Lanka,"R Premadasa Stadium, Colombo",Colombo,India tour of Sri Lanka,2024,2,False,6,31,43,2,0,20,72.09,True,False,caught,DN Wellalage,230,10,0.1348,True,231.0,,tie,,2024,28.4,39.4,118.33333333333333,41.46308724832215,91.34323944703186,34.42857142857143,56.333333333333336,40.14705882352941,61.1,31.0
1442991,odis_male_json.zip,2024-08-04,ODI,India,Sri Lanka,"R Premadasa Stadium, Colombo",Colombo,India tour of Sri Lanka,2024,2,False,7,0,2,0,0,2,0.0,True,False,bowled,,208,10,0.0,True,241.0,Sri Lanka,loss,,2024,29.0,38.6,102.83687943262412,41.42809364548495,91.2822402358143,34.310344827586206,50.0,40.01449275362319,56.0,0.0
1439891,tests_male_json.zip,2024-09-19,Test,India,Bangladesh,"MA Chidambaram Stadium, Chepauk, Chennai",Chennai,Bangladesh tour of India,2024/25,1,False,6,16,52,1,0,42,30.77,True,False,caught,Zakir Hasan,376,10,0.0426,False,,India,win,,2024,24.0,34.7,98.36065573770492,41.29,91.26878868258179,26.058823529411764,38.166666666666664,33.04705882352941,44.9,26.4
1439891,tests_male_json.zip,2024-09-19,Test,India,Bangladesh,"MA Chidambaram Stadium, Chepauk, Chennai",Chennai,Bangladesh tour of India,2024/25,3,False,6,22,19,4,0,9,115.79,False,True,not out,,287,4,0.0767,False,,India,win,,2024,21.4,28.1,75.88652482269504,41.205980066445186,91.03787433940106,25.5,35.0,32.848837209302324,45.4,43.0
1439892,tests_male_json.zip,2024-09-27,Test,India,Bangladesh,"Green Park, Kanpur",Kanpur,Bangladesh tour of India,2024/25,2,False,6,68,43,7,2,9,158.14,True,False,stumped,Liton Das,285,9,0.2386,False,,India,win,,2024,24.8,28.7,78.98089171974522,41.27906976744186,91.07234479220114,25.31578947368421,,32.724137931034484,44.9,73.1
1439896,tests_male_json.zip,2024-10-16,Test,India,New Zealand,"M Chinnaswamy Stadium, Bengaluru",Bengaluru,New Zealand tour of India,2024/25,1,False,6,0,6,0,0,6,0.0,True,False,caught,TA Blundell,46,10,0.0,False,,New Zealand,loss,,2024,27.4,27.9,86.16352201257861,41.36754966887417,91.28306298407132,41.4375,46.666666666666664,33.125,42.2,0.0
1439896,tests_male_json.zip,2024-10-16,Test,India,New Zealand,"M Chinnaswamy Stadium, Bengaluru",Bengaluru,New Zealand tour of India,2024/25,3,False,6,12,16,2,0,11,75.0,True,False,caught,TA Blundell,462,10,0.026,False,,New Zealand,loss,,2024,21.2,25.1,86.88524590163935,41.23102310231023,91.24306164183464,39.0,35.0,32.752808988764045,40.8,24.6
1426555,tests_male_json.zip,2024-11-22,Test,India,Australia,Perth Stadium,Perth,India tour of Australia,2024/25,1,False,2,26,74,3,0,64,35.14,True,False,caught,AT Carey,150,10,0.1733,False,,India,win,,2024,23.6,23.8,86.76470588235294,41.13486842105263,91.2241027137438,35.111111111111114,3.6666666666666665,32.522222222222226,38.3,37.2
1426555,tests_male_json.zip,2024-11-22,Test,India,Australia,Perth Stadium,Perth,India tour of Australia,2024/25,3,False,2,77,176,5,0,130,43.75,True,False,caught,AT Carey,487,6,0.1581,False,,India,win,,2024,25.6,23.5,81.0126582278481,41.08524590163935,90.92294296909012,34.91304347826087,9.25,32.45054945054945,43.7,64.6
1426556,tests_male_json.zip,2024-12-06,Test,India,Australia,Adelaide Oval,Adelaide,India tour of Australia,2024/25,1,False,2,37,64,6,0,50,57.81,True,False,caught,NA McSweeney,180,10,0.2056,False,,Australia,loss,,2024,36.6,30.7,58.095238095238095,41.20261437908497,90.32812723885944,35.808510638297875,25.25,32.93478260869565,40.1,39.9
1426556,tests_male_json.zip,2024-12-06,Test,India,Australia,Adelaide Oval,Adelaide,India tour of Australia,2024/25,3,False,2,7,10,1,0,6,70.0,True,False,caught,AT Carey,175,10,0.04,False,,Australia,loss,,2024,30.4,28.9,45.23809523809524,41.188925081433226,90.17971758664956,35.833333333333336,27.6,32.97849462365591,36.3,21.7
1426557,tests_male_json.zip,2024-12-14,Test,India,Australia,"Brisbane Cricket Ground, Woolloongabba, Brisbane",Brisbane,India tour of Australia,2024/25,2,False,2,84,139,8,0,91,60.43,True,False,caught,SPD Smith,260,10,0.3231,False,,,no_result,,2024,31.8,26.5,46.76470588235294,41.077922077922075,90.16533637400228,35.244897959183675,,32.702127659574465,44.9,68.4
1426557,tests_male_json.zip,2024-12-14,Test,India,Australia,"Brisbane Cricket Ground, Woolloongabba, Brisbane",Brisbane,India tour of Australia,2024/25,4,False,2,4,7,0,0,5,57.14,False,True,not out,,8,0,0.5,False,,,no_result,,2024,46.2,34.9,49.892008639308855,41.2168284789644,89.87368569614,36.22,84.0,33.242105263157896,44.5,35.7
1426558,tests_male_json.zip,2024-12-26,Test,India,Australia,Melbourne Cricket Ground,Melbourne,India tour of Australia,2024/25,2,False,3,24,42,3,0,34,57.14,True,False,bowled,,369,10,0.065,False,,Australia,loss,,2024,41.8,33.7,52.77777777777778,41.22977346278317,89.85752574411059,35.588235294117645,14.75,32.9375,44.3,27.3
1426558,tests_male_json.zip,2024-12-26,Test,India,Australia,Melbourne Cricket Ground,Melbourne,India tour of Australia,2024/25,4,False,3,0,5,0,0,5,0.0,True,False,caught,UT Khawaja,155,10,0.0,False,,Australia,loss,,2024,31.2,33.9,59.541984732824424,41.174193548387095,89.76090014064697,35.36538461538461,16.6,32.845360824742265,35.1,0.0
1426559,tests_male_json.zip,2025-01-03,Test,India,Australia,Sydney Cricket Ground,Sydney,India tour of Australia,2024/25,1,False,2,4,14,0,0,12,28.57,True,False,caught,S Konstas,185,10,0.0216,False,,Australia,loss,,2025,23.8,27.1,58.62068965517241,41.041800643086816,89.72934973637962,34.698113207547166,30.666666666666668,32.51020408163265,35.4,9.6
1426559,tests_male_json.zip,2025-01-03,Test,India,Australia,Sydney Cricket Ground,Sydney,India tour of Australia,2024/25,3,False,2,13,20,2,0,15,65.0,True,False,bowled,,157,10,0.0828,False,,Australia,loss,,2025,23.2,27.5,56.03864734299517,40.92307692307692,89.66921834398484,34.129629629629626,28.0,32.22222222222222,35.4,24.9
1439904,odis_male_json.zip,2025-02-06,ODI,India,England,"Vidarbha Cricket Association Stadium, Jamtha, Nagpur",Nagpur,England tour of India,2024/25,2,False,6,2,9,0,0,7,22.22,True,False,caught and bowled,,251,6,0.008,True,249.0,India,win,,2025,9.0,27.6,51.13636363636363,40.83386581469649,89.63461673329125,32.24444444444445,15.0,39.44285714285714,34.1,14.5
1439905,odis_male_json.zip,2025-02-09,ODI,India,England,"Barabati Stadium, Cuttack",Cuttack,England tour of India,2024/25,2,False,6,10,14,1,0,7,71.43,True,False,caught,PD Salt,308,6,0.0325,True,305.0,India,win,,2025,8.6,25.2,47.77777777777778,40.710191082802545,89.59209419680404,31.58695652173913,,38.91549295774648,27.6,26.4
1439906,odis_male_json.zip,2025-02-12,ODI,India,England,"Narendra Modi Stadium, Ahmedabad",Ahmedabad,England tour of India,2024/25,1,False,5,40,29,3,1,7,137.93,True,False,lbw,,356,10,0.1124,False,,India,win,,2025,5.8,18.5,46.774193548387096,40.612698412698414,89.57428931522196,31.127659574468087,48.8,38.513888888888886,29.1,53.5
1466415,odis_male_json.zip,2025-02-20,ODI,India,Bangladesh,Dubai International Cricket Stadium,Dubai,ICC Champions Trophy,2024/25,2,False,6,41,47,1,2,21,87.23,False,True,not out,,231,4,0.1775,True,229.0,India,win,,2025,13.8,18.8,80.23255813953489,40.610759493670884,89.67228006428621,27.45,42.1578947368421,38.534246575342465,33.8,49.5
1466425,odis_male_json.zip,2025-03-02,ODI,India,New Zealand,Dubai International Cricket Stadium,Dubai,ICC Champions Trophy,2024/25,1,False,6,23,29,1,0,11,79.31,True,False,caught,TWM Latham,249,9,0.0924,False,,India,win,,2025,21.2,22.2,89.07563025210084,40.74050632911393,89.66429864883688,37.5,42.1,38.567567567567565,28.8,35.8
1466426,odis_male_json.zip,2025-03-04,ODI,India,Australia,Dubai International Cricket Stadium,Dubai,ICC Champions Trophy,2024/25,2,False,6,42,34,2,2,10,123.53,False,True,not out,,267,6,0.1573,True,265.0,India,win,,2025,23.2,16.1,90.625,40.68454258675079,89.6434280948078,33.74545454545454,41.19047619047619,38.36,34.3,54.5
1466428,odis_male_json.zip,2025-03-09,ODI,India,New Zealand,Dubai International Cricket Stadium,Dubai,ICC Champions Trophy,2024/25,2,False,6,34,33,1,1,11,103.03,False,True,not out,,254,6,0.1339,True,252.0,India,win,,2025,31.2,19.9,101.96078431372548,40.81703470031546,89.72332015810277,36.73684210526316,41.22727272727273,38.4078947368421,38.1,46.9
1473447,ipl_male_json.zip,2025-03-30,IPL,Delhi Capitals,Sunrisers Hyderabad,"Dr. Y.S. Rajasekhara Reddy ACA-VDCA Cricket Stadium, Visakhapatnam",Visakhapatnam,Indian Premier League,2025,2,False,4,15,5,2,1,1,300.0,True,False,bowled,,166,3,0.0904,True,164.0,Delhi Capitals,win,,2025,36.0,20.9,104.65116279069767,40.92429022082019,89.75370139753701,35.15384615384615,9.0,38.073170731707314,40.3,40.4
1473454,ipl_male_json.zip,2025-04-05,IPL,Delhi Capitals,Chennai Super Kings,"MA Chidambaram Stadium, Chepauk, Chennai",Chennai,Indian Premier League,2025,1,False,2,77,51,6,3,10,150.98,True,False,caught,MS Dhoni,183,6,0.4208,False,,Delhi Capitals,win,,2025,31.0,22.4,104.72972972972973,40.84276729559748,89.82640569887268,39.5,33.375,37.88709677419355,50.0,80.0
1473461,ipl_male_json.zip,2025-04-10,IPL,Delhi Capitals,Royal Challengers Bengaluru,"M Chinnaswamy Stadium, Bengaluru",Bengaluru,Indian Premier League,2025,2,False,4,93,53,7,6,15,175.47,False,True,not out,,169,4,0.5503,True,164.0,Delhi Capitals,win,,2025,38.2,29.7,125.65789473684211,40.956112852664575,90.04135079255687,20.0,30.4,38.2,60.3,92.8
1473466,ipl_male_json.zip,2025-04-13,IPL,Delhi Capitals,Mumbai Indians,"Arun Jaitley Stadium, Delhi",Delhi,Indian Premier League,2025,2,False,4,15,13,1,0,3,115.38,True,False,caught and bowled,,193,10,0.0777,True,206.0,Mumbai Indians,loss,,2025,52.2,37.7,148.29545454545453,41.24764890282132,90.35226258325895,52.77777777777778,7.666666666666667,38.63492063492063,61.7,21.7
1473469,ipl_male_json.zip,2025-04-16,IPL,Delhi Capitals,Rajasthan Royals,"Arun Jaitley Stadium, Delhi",Delhi,Indian Premier League,2025,1,False,4,38,32,2,2,11,118.75,True,False,caught,SO Hetmyer,188,5,0.2021,False,,,tie,,2025,46.8,39.0,150.96774193548387,41.165625,90.37458836443469,44.5625,9.5,38.44881889763779,65.8,38.4
1473472,ipl_male_json.zip,2025-04-19,IPL,Delhi Capitals,Gujarat Titans,"Narendra Modi Stadium, Ahmedabad",Ahmedabad,Indian Premier League,2025,1,False,3,28,14,4,1,4,200.0,True,False,lbw,,203,8,0.1379,False,,Gujarat Titans,loss,,2025,47.6,41.8,154.54545454545453,41.15576323987539,90.4367469879518,27.25,47.333333333333336,38.4453125,63.4,38.1
1473477,ipl_male_json.zip,2025-04-22,IPL,Delhi Capitals,Lucknow Super Giants,"Bharat Ratna Shri Atal Bihari Vajpayee Ekana Cricket Stadium, Lucknow",Lucknow,Indian Premier League,2025,2,False,3,57,42,3,3,12,135.71,False,True,not out,,161,2,0.354,True,160.0,Delhi Capitals,win,,2025,50.2,40.6,153.98773006134968,41.11490683229814,90.5416495691424,,40.15384615384615,38.36434108527132,67.1,66.7
1473483,ipl_male_json.zip,2025-04-27,IPL,Delhi Capitals,Royal Challengers Bengaluru,"Arun Jaitley Stadium, Delhi",Delhi,Indian Premier League,2025,1,False,4,41,39,3,0,12,105.13,True,False,caught,JG Bethell,162,8,0.2531,False,,Royal Challengers Bengaluru,loss,,2025,46.2,42.2,150.0,41.29192546583851,90.67103109656301,56.5,15.2,38.50769230769231,70.5,40.4
1473485,ipl_male_json.zip,2025-04-29,IPL,Delhi Capitals,Kolkata Knight Riders,"Arun Jaitley Stadium, Delhi",Delhi,Indian Premier League,2025,2,False,4,7,5,1,0,1,140.0,True,False,run out,SP Narine,190,9,0.0368,True,205.0,Kolkata Knight Riders,loss,,2025,35.8,44.0,127.85714285714286,41.29102167182663,90.7093790382915,34.333333333333336,19.5,38.52671755725191,66.5,19.0
1473492,ipl_male_json.zip,2025-05-05,IPL,Delhi Capitals,Sunrisers Hyderabad,"Rajiv Gandhi International Stadium, Uppal, Hyderabad",Hyderabad,Indian Premier League,2025,1,False,4,10,14,1,0,7,71.43,True,False,caught,Ishan Kishan,133,7,0.0752,False,,,no_result,,2025,34.2,40.5,129.54545454545453,41.18518518518518,90.72613543649715,33.714285714285715,34.5,38.28787878787879,63.0,14.8
1473498,ipl_male_json.zip,2025-05-18,IPL,Delhi Capitals,Gujarat Titans,"Arun Jaitley Stadium, Delhi",Delhi,Indian Premier League,2025,1,False,1,112,65,14,4,19,172.31,False,True,not out,,199,3,0.5628,False,,Gujarat Titans,loss,,2025,28.6,38.1,125.43859649122807,41.08923076923077,90.70778426844178,27.4,17.714285714285715,38.07518796992481,72.6,87.7
1473501,ipl_male_json.zip,2025-05-21,IPL,Delhi Capitals,Mumbai Indians,"Wankhede Stadium, Mumbai",Mumbai,Indian Premier League,2025,2,False,1,11,6,2,0,1,183.33,True,False,caught,RD Rickelton,121,10,0.0909,True,181.0,Mumbai Indians,loss,,2025,45.4,47.8,137.57575757575756,41.433846153846154,91.06647731115169,50.78947368421053,47.90909090909091,38.62686567164179,65.0,27.4
1485779,ipl_male_json.zip,2025-05-24,IPL,Delhi Capitals,Punjab Kings,"Sawai Mansingh Stadium, Jaipur",Jaipur,Indian Premier League,2025,2,False,1,35,21,6,1,9,166.67,True,False,caught,Shashank Singh,208,4,0.1683,True,207.0,Delhi Capitals,win,,2025,36.2,41.2,140.31007751937983,41.34049079754601,91.10390049347664,26.75,37.333333333333336,38.422222222222224,59.5,50.6
1448349,tests_male_json.zip,2025-06-20,Test,India,England,"Headingley, Leeds",Leeds,India tour of England,2025,1,False,2,42,78,8,0,63,53.85,True,False,caught,JE Root,471,10,0.0892,False,,England,loss,,2025,35.0,35.4,157.65765765765767,41.321100917431195,91.21101660591331,31.3125,4.0,32.03,59.8,36.5
1448349,tests_male_json.zip,2025-06-20,Test,India,England,"Headingley, Leeds",Leeds,India tour of England,2025,3,False,2,137,247,18,0,174,55.47,True,False,bowled,,364,10,0.3764,False,,England,loss,,2025,42.0,38.1,114.1304347826087,41.323170731707314,91.01531023368251,31.53061224489796,16.666666666666668,32.12871287128713,61.5,78.5
1448350,tests_male_json.zip,2025-07-02,Test,India,England,"Edgbaston, Birmingham",Birmingham,India tour of England,2025,1,False,2,2,26,0,0,24,7.69,True,False,bowled,,587,10,0.0034,False,,India,win,,2025,67.4,48.0,80.81534772182255,41.61398176291793,90.43529955743445,33.64,,33.15686274509804,58.6,12.9
1448350,tests_male_json.zip,2025-07-02,Test,India,England,"Edgbaston, Birmingham",Birmingham,India tour of England,2025,3,False,2,55,84,10,0,61,65.48,True,False,bowled,,427,6,0.1288,False,,India,win,,2025,45.4,45.4,60.05291005291005,41.49393939393939,90.29343883943291,33.01960784313726,2.0,32.85436893203884,57.4,58.8
1448351,tests_male_json.zip,2025-07-10,Test,India,England,"Lord's, London",London,India tour of England,2025,2,False,2,100,177,13,0,124,56.5,True,False,caught,HC Brook,387,10,0.2584,False,,England,loss,,2025,54.2,45.2,59.42982456140351,41.53474320241692,90.15673158895665,33.44230769230769,67.0,33.06730769230769,61.3,74.0
1448351,tests_male_json.zip,2025-07-10,Test,India,England,"Lord's, London",London,India tour of England,2025,4,False,2,39,58,6,0,40,67.24,True,False,lbw,,170,10,0.2294,False,,England,loss,,2025,67.2,51.1,54.90196078431372,41.71084337349398,89.7705173084403,34.698113207547166,78.0,33.7047619047619,65.4,44.0
1448352,tests_male_json.zip,2025-07-23,Test,India,England,"Old Trafford, Manchester",Manchester,India tour of England,2025,1,False,2,46,98,4,0,74,46.94,True,False,caught,Z Crawley,358,10,0.1285,False,,,no_result,,2025,66.6,54.3,56.25,41.7027027027027,89.68612761560321,34.77777777777778,,33.75471698113208,69.3,38.2
1448352,tests_male_json.zip,2025-07-23,Test,India,England,"Old Trafford, Manchester",Manchester,India tour of England,2025,3,False,2,90,230,8,0,177,39.13,True,False,lbw,,425,4,0.2118,False,,,no_result,,2025,48.4,57.9,54.627539503386004,41.71556886227545,89.41727634450007,34.981818181818184,46.0,33.86915887850467,65.9,61.5
1448353,tests_male_json.zip,2025-07-31,Test,India,England,"Kennington Oval, London",London,India tour of England,2025,1,False,2,14,40,1,0,31,35.0,True,False,bowled,,224,10,0.0625,False,,India,win,,2025,66.0,55.7,51.00463678516229,41.85970149253731,88.68580824690109,35.964285714285715,31.5,34.388888888888886,65.9,27.3
1448353,tests_male_json.zip,2025-07-31,Test,India,England,"Kennington Oval, London",London,India tour of England,2025,3,False,2,7,28,1,0,25,25.0,True,False,caught,JE Root,396,10,0.0177,False,,India,win,,2025,57.8,56.0,47.927031509121065,41.776785714285715,88.55034065102195,35.578947368421055,25.666666666666668,34.20183486238532,61.5,19.9
1479569,tests_male_json.zip,2025-10-02,Test,India,West Indies,"Narendra Modi Stadium, Ahmedabad",Ahmedabad,West Indies tour of India,2025/26,2,False,2,100,197,12,0,137,50.76,True,False,caught,JP Greaves,448,5,0.2232,False,,India,win,,2025,39.2,53.2,43.17180616740088,41.67359050445104,88.4382871536524,43.869565217391305,44.57142857142857,33.95454545454545,66.5,81.2
1479570,tests_male_json.zip,2025-10-10,Test,India,West Indies,"Arun Jaitley Stadium, Delhi",Delhi,West Indies tour of India,2025/26,1,False,2,38,54,5,1,38,70.37,True,False,stumped,TA Imlach,518,5,0.0734,False,,India,win,,2025,51.4,59.0,43.3389544688027,41.84615384615385,87.97661255209304,46.208333333333336,29.5,34.549549549549546,59.3,48.1
1479570,tests_male_json.zip,2025-10-10,Test,India,West Indies,"Arun Jaitley Stadium, Delhi",Delhi,West Indies tour of India,2025/26,4,False,2,58,108,6,2,81,53.7,False,True,not out,,124,3,0.4677,False,,India,win,,2025,49.8,49.1,45.3551912568306,41.83480825958702,87.91767404376665,45.88,30.444444444444443,34.580357142857146,66.8,70.8
1478904,odis_male_json.zip,2025-10-19,ODI,India,Australia,Perth Stadium,Perth,India tour of Australia,2025/26,1,False,6,38,31,2,2,10,122.58,True,False,caught,MT Renshaw,136,9,0.2794,False,,Australia,loss,D/L,2025,43.4,54.7,50.81967213114754,42.00589970501475,87.69012870250631,33.892857142857146,22.8,38.35064935064935,64.4,47.4
1478905,odis_male_json.zip,2025-10-23,ODI,India,Australia,Adelaide Oval,Adelaide,India tour of Australia,2025/26,1,False,6,11,15,1,0,9,73.33,True,False,bowled,,264,9,0.0417,False,,Australia,loss,,2025,48.2,53.0,57.655502392344495,41.99411764705882,87.75660725261217,33.96491228070175,24.166666666666668,38.34615384615385,55.5,17.5
1479571,tests_male_json.zip,2025-11-14,Test,India,South Africa,"Eden Gardens, Kolkata",Kolkata,South Africa tour of India,2025/26,2,False,2,39,119,4,1,99,32.77,True,False,caught,AK Markram,189,9,0.2063,False,,South Africa,loss,,2025,49.0,44.1,60.49382716049383,41.903225806451616,87.74332207552963,29.26086956521739,47.5,34.78761061946903,54.9,34.7
1479571,tests_male_json.zip,2025-11-14,Test,India,South Africa,"Eden Gardens, Kolkata",Kolkata,South Africa tour of India,2025/26,4,False,2,1,6,0,0,5,16.67,True,False,caught,K Verreynne,93,9,0.0108,False,,South Africa,loss,,2025,36.8,44.1,56.269113149847094,41.89473684210526,87.34455010972934,29.666666666666668,45.8,34.824561403508774,49.8,4.9
1479572,tests_male_json.zip,2025-11-22,Test,India,South Africa,"Barsapara Cricket Stadium, Guwahati",Guwahati,South Africa tour of India,2025/26,2,False,2,22,63,2,0,51,34.92,True,False,caught,AK Markram,201,10,0.1095,False,,South Africa,loss,,2025,29.4,39.6,52.68817204301075,41.775510204081634,87.31870810481414,28.52,48.0,34.530434782608694,42.7,22.7
1479572,tests_male_json.zip,2025-11-22,Test,India,South Africa,"Barsapara Cricket Stadium, Guwahati",Guwahati,South Africa tour of India,2025/26,4,False,2,6,29,0,0,26,20.69,True,False,bowled,,140,10,0.0429,False,,South Africa,loss,,2025,22.2,32.8,47.43589743589744,41.718023255813954,87.11831481818734,28.26923076923077,39.333333333333336,34.422413793103445,42.1,9.4
1479573,odis_male_json.zip,2025-11-30,ODI,India,South Africa,"JSCA International Stadium Complex, Ranchi",Ranchi,South Africa tour of India,2025/26,1,False,6,60,56,2,3,21,107.14,True,False,caught,Q de Kock,349,8,0.1719,False,,India,win,,2025,15.8,32.0,34.05172413793103,41.61449275362319,87.00157556659799,27.444444444444443,65.0,38.0,49.9,62.7
1479574,odis_male_json.zip,2025-12-03,ODI,India,South Africa,"Shaheed Veer Narayan Singh International Stadium, Raipur",Raipur,South Africa tour of India,2025/26,1,False,5,66,43,6,2,11,153.49,False,True,not out,,358,5,0.1844,False,,South Africa,loss,,2025,25.6,37.3,46.88644688644688,41.66763005780347,87.06969440753714,28.607142857142858,,38.275,50.0,60.1
1490231,odis_male_json.zip,2026-01-11,ODI,India,New Zealand,"Kotambi Stadium, Vadodara",Vadodara,New Zealand tour of India,2025/26,2,False,6,29,21,2,1,4,138.1,False,True,not out,,306,6,0.0948,True,301.0,India,win,,2026,31.0,33.9,78.68020304568527,41.858381502890175,87.24173242575749,36.6,,38.617283950617285,47.9,46.8
1490232,odis_male_json.zip,2026-01-14,ODI,India,New Zealand,"Niranjan Shah Stadium, Rajkot",Rajkot,New Zealand tour of India,2025/26,1,False,5,112,92,11,1,29,121.74,False,True,not out,,284,7,0.3944,False,,New Zealand,loss,,2026,36.6,33.0,86.32075471698113,41.94219653179191,87.30598002647095,36.23809523809524,,38.5,52.6,83.8
1490233,odis_male_json.zip,2026-01-18,ODI,India,New Zealand,"Holkar Cricket Stadium, Indore",Indore,New Zealand tour of India,2025/26,2,False,5,1,6,0,0,5,16.67,True,False,caught,GD Phillips,296,10,0.0034,True,338.0,New Zealand,loss,,2026,54.6,38.4,113.27800829875518,42.26589595375722,87.4955127438076,39.68181818181818,52.0,39.3855421686747,47.5,3.1
1527678,ipl_male_json.zip,2026-04-01,IPL,Delhi Capitals,Lucknow Super Giants,"Bharat Ratna Shri Atal Bihari Vajpayee Ekana Cricket Stadium, Lucknow",Lucknow,Indian Premier League,2026,2,False,1,0,1,0,0,1,0.0,True,False,caught,Mohsin Khan,145,4,0.0,True,142.0,Delhi Capitals,win,,2026,53.6,34.7,122.93577981651376,42.14697406340058,87.47009569377991,57.0,41.357142857142854,38.39705882352941,46.7,10.0
1527681,ipl_male_json.zip,2026-04-04,IPL,Delhi Capitals,Mumbai Indians,"Arun Jaitley Stadium, Delhi",Delhi,Indian Premier League,2026,2,False,1,1,3,0,0,2,33.33,True,False,caught,RD Rickelton,164,4,0.0061,True,163.0,Delhi Capitals,win,,2026,41.6,33.6,127.60736196319019,42.025862068965516,87.4648645415944,48.8,33.2,38.11678832116788,44.8,14.1
1527687,ipl_male_json.zip,2026-04-08,IPL,Delhi Capitals,Gujarat Titans,"Arun Jaitley Stadium, Delhi",Delhi,Indian Premier League,2026,2,False,2,92,52,11,4,14,176.92,True,False,caught,JC Buttler,209,8,0.4402,True,211.0,Gujarat Titans,loss,,2026,28.6,29.8,116.26016260162602,41.90830945558739,87.45515426931357,41.5,30.272727272727273,37.84782608695652,56.1,80.2
1527691,ipl_male_json.zip,2026-04-11,IPL,Delhi Capitals,Chennai Super Kings,"MA Chidambaram Stadium, Chepauk, Chennai",Chennai,Indian Premier League,2026,2,False,2,18,10,2,1,3,180.0,True,False,caught,J Overton,189,10,0.0952,True,213.0,Chennai Super Kings,loss,,2026,41.2,38.9,133.76623376623377,42.05142857142857,87.73247496423463,42.0,38.22222222222222,38.23741007194245,58.6,30.4
1529269,ipl_male_json.zip,2026-04-18,IPL,Delhi Capitals,Royal Challengers Bengaluru,"M Chinnaswamy Stadium, Bengaluru",Bengaluru,Indian Premier League,2026,2,False,2,57,34,6,2,8,167.65,True,False,caught,V Kohli,179,4,0.3184,True,176.0,Delhi Capitals,win,,2026,22.4,38.5,155.55555555555554,41.98290598290598,87.78744191588228,51.333333333333336,40.833333333333336,38.09285714285714,67.8,68.6
1529274,ipl_male_json.zip,2026-04-21,IPL,Delhi Capitals,Sunrisers Hyderabad,"Rajiv Gandhi International Stadium, Uppal, Hyderabad",Hyderabad,Indian Premier League,2026,2,False,2,37,23,1,3,6,160.87,True,False,caught,Abhishek Sharma,195,9,0.1897,True,243.0,Sunrisers Hyderabad,loss,,2026,33.6,43.6,168.0,42.02556818181818,87.94887039239,32.13333333333333,29.6,38.226950354609926,66.2,41.7
1529278,ipl_male_json.zip,2026-04-25,IPL,Delhi Capitals,Punjab Kings,"Arun Jaitley Stadium, Delhi",Delhi,Indian Premier League,2026,1,False,2,152,67,16,9,10,226.87,False,True,not out,,264,2,0.5758,False,,Punjab Kings,loss,,2026,41.0,41.3,168.0327868852459,42.01133144475921,88.04844742623048,28.4,35.416666666666664,38.21830985915493,71.5,90.0
1529282,ipl_male_json.zip,2026-04-27,IPL,Delhi Capitals,Royal Challengers Bengaluru,"Arun Jaitley Stadium, Delhi",Delhi,Indian Premier League,2026,1,False,2,1,3,0,0,2,33.33,True,False,caught,JM Sharma,75,10,0.0133,False,,Royal Challengers Bengaluru,loss,,2026,71.2,49.9,191.3978494623656,42.44192634560906,88.59846244825546,52.75,44.38461538461539,39.01398601398601,69.6,4.4
1529286,ipl_male_json.zip,2026-05-01,IPL,Delhi Capitals,Rajasthan Royals,"Sawai Mansingh Stadium, Jaipur",Jaipur,Indian Premier League,2026,2,False,2,75,40,6,5,12,187.5,True,False,caught,D Ferreira,226,3,0.3319,True,226.0,Delhi Capitals,win,,2026,53.0,47.1,193.43065693430657,42.324858757062145,88.58865961095016,44.1764705882353,36.75,38.75,67.5,79.3
1529291,ipl_male_json.zip,2026-05-05,IPL,Delhi Capitals,Chennai Super Kings,"Arun Jaitley Stadium, Delhi",Delhi,Indian Premier League,2026,1,False,2,12,13,2,0,7,92.31,True,False,caught,RD Gaikwad,155,7,0.0774,False,,Chennai Super Kings,loss,,2026,64.4,43.4,192.81437125748502,42.416901408450705,88.82203739751077,40.5,41.285714285714285,39.0,68.3,18.0
1529294,ipl_male_json.zip,2026-05-08,IPL,Delhi Capitals,Kolkata Knight Riders,"Arun Jaitley Stadium, Delhi",Delhi,Indian Premier League,2026,1,False,2,23,14,4,0,3,164.29,True,False,caught,C Green,142,8,0.162,False,,Kolkata Knight Riders,loss,,2026,55.4,44.5,189.72602739726028,42.331460674157306,88.82470824000943,32.625,39.333333333333336,38.81506849315068,69.9,33.7
1529298,ipl_male_json.zip,2026-05-11,IPL,Delhi Capitals,Punjab Kings,"Himachal Pradesh Cricket Association Stadium, Dharamsala",Dharamsala,Indian Premier League,2026,2,False,1,9,8,2,0,5,112.5,True,False,caught,M Jansen,216,7,0.0417,True,211.0,Delhi Capitals,win,,2026,52.6,46.8,191.97080291970804,42.27731092436975,88.886925795053,49.0,27.0,38.70748299319728,70.4,27.3
1529305,ipl_male_json.zip,2026-05-17,IPL,Delhi Capitals,Rajasthan Royals,"Arun Jaitley Stadium, Delhi",Delhi,Indian Premier League,2026,2,False,2,56,42,1,3,10,133.33,True,False,bowled,,197,5,0.2843,True,194.0,Delhi Capitals,win,,2026,24.0,47.6,153.84615384615384,42.184357541899445,88.89804567930304,45.888888888888886,38.3125,38.50675675675676,68.3,63.2
1529313,ipl_male_json.zip,2026-05-24,IPL,Delhi Capitals,Kolkata Knight Riders,"Eden Gardens, Kolkata",Kolkata,Indian Premier League,2026,1,False,2,60,30,5,4,6,200.0,True,False,caught,R Powell,203,5,0.2956,False,,Delhi Capitals,win,,2026,35.0,44.0,149.57264957264957,42.22284122562674,89.00763358778626,32.05882352941177,38.333333333333336,38.624161073825505,74.5,71.8
1496579,odis_male_json.zip,2026-07-14,ODI,India,England,"Edgbaston, Birmingham",Birmingham,India tour of England,2026,2,False,6,1,3,0,0,2,33.33,True,False,bowled,,262,4,0.0038,True,259.0,India,win,,2026,32.0,48.2,149.53271028037383,42.272222222222226,89.20281359906214,35.08620689655172,28.5,38.92857142857143,67.3,15.5
1496581,odis_male_json.zip,2026-07-19,ODI,India,England,"Lord's, London",London,India tour of England,2026,2,False,6,12,8,2,0,2,150.0,True,False,bowled,,360,7,0.0333,True,388.0,England,loss,,2026,29.8,42.6,153.60824742268042,42.1578947368421,89.19299068159174,34.50847457627118,68.25,38.48235294117647,63.6,26.7
1544001,tests_male_json.zip,2026-08-15,Test,India,Sri Lanka,Galle International Stadium,Galle,India tour of Sri Lanka,2026,1,False,2,82,175,10,1,132,46.86,True,False,caught,KNM Fernando,462,10,0.1775,False,,India,win,,2026,27.6,40.1,151.64835164835165,42.074585635359114,89.22148673188448,33.166666666666664,6.0,34.17948717948718,51.9,68.4
1544001,tests_male_json.zip,2026-08-15,Test,India,Sri Lanka,Galle International Stadium,Galle,India tour of Sri Lanka,2026,3,False,2,35,47,2,2,33,74.47,True,False,caught,RMMP Rathnayake,193,10,0.1813,False,,India,win,,2026,42.2,33.1,81.78294573643412,42.184573002754824,88.79160385016816,34.74193548387097,31.333333333333332,34.58474576271186,55.8,52.1
